# Rename TODO: names/comments worked out while writing the C reimplementation (src/), NOT yet applied to the database.
# Same format as mm3.tsv (address<TAB>name<TAB>comment), so after applying (append these lines to mm3.tsv, run apply_names.py,
# regenerate .asm/.idc) delete the lines from this file.  Address = linear address as in mm3.tsv.  "evidence" says how it was derived.
# Keep sorted by address.
22534	dosAllocOrDie	bx = bytes; allocates (bx+15)>>4 paragraphs through DOS INT 21h/48h (last-fit strategy 5801h on DOS 3+), returns the segment in ax; on failure prints "Might and Magic ]I[ ran out of memory!" and exits (evidence: reads the code; called by allocFar and ccLoadMember)
22740	ccLoadMember	core of loadResourceByName: ax = name near ptr, bx = its segment, cx = destination segment (0 = allocate with dosAllocOrDie); hashes the name (rol 9 + char, the .CC filename hash), looks the id up in the open archive TOC, seeks and reads the member (stored, or LZHUF through the 4-byte header when the first four name characters differ from the 4-byte string at cs:0652h); returns the segment in bx and the size in DGROUP n (evidence: reads the code, same hash as tools/mm3_cc.py name_id)
27F86	j_exitGame	near thunk of exitGame (the thunk has no stub segment, so apply_names will not make it by itself)
28841	Party_dead	1 when checkPartyDead finds no party member able to act (all worstCondition values 11-15), 0 otherwise; runMazeEvent ends the script when it is set (evidence: checkPartyDead at 15270 sets it, evt_op13 tests it)
34B92	Monsters_row1	non-zero when monsters stand in the first cell ahead; set by scanMonstersAhead; runMazeEvent skips the square's script (jumps to its exit with byte_34BF0 = 1) when it is set, drawView starts combat (evidence: docs/engine-loop.md, runMazeEvent+11Bh). byte_34B93 / byte_34B94 are rows 2 and 3 -> Monsters_row2 / Monsters_row3
373A4	Evt_windowCount	number of message/NPC windows the running event script has opened (incremented by Display1/NPC, closed by vdrv_06_closeWindows(word_373A4) when the script ends) (evidence: runMazeEvent evt_op01, evt_op18)
39900	exitGame	shuts down the video and sound modules (sub_250F8, sub_26952), sets text mode 3, prints "Thank you for playing Might and Magic ]I[" and ends the program with INT 21h/4Ch; used for fatal errors such as "Max Monsters Exceeded" (evidence: reads the code)
