class	desc	desc_name	table	version_in	version_out	form	callbacks
TSAction	533	ActiveAction	25	-1	-1	save	OnCreate,OnInit
TSAnimation	535	ActiveAnimation	26	-1	-1	save	OnCreate,OnInit
TSText	531	ActiveText	24	-1	-1	save	OnCreate,OnInit
TTAction	158	Action	7	-1	-1	save	OnCreate,OnInit
TTActionArea	673	ActionArea	32	120	-1	save	OnCreate,OnInit
TTActionPart	178	ActionPart	8	-1	-1	save	GetNameInList,OnCreate,OnInit
TTAnimation	182	Animation	9	-1	-1	save	OnCreate,OnInit
TTAnimationFrame	570	AnimationFrame	28	54	-1	save	OnCreate,OnInit
TTAreaAction	677	AreaAction	33	120	-1	save	OnCreate,OnInit
TTAudioBus	827	AudioBus	37	184	-1	plain	OnCreate,OnInit
TTButton	152	Button	2	-1	-1	save	OnCreate,OnInit
TTCharacter	148	Character	0	-1	-1	plain	OnCreate,OnInit
TTClipboardObject	37	Clipboard	-1	-1	-1	plain	
TTCommentSet	263	CommentSet	16	23	-1	save	OnCreate,OnInit
TTCommentSetEntry	558	CommentSetEntry	27	48	-1	save	OnCreate,OnInit
TTCondition	192	Condition	10	-1	-1	plain	OnCreate,OnInit
TTCursor	226	Cursor	15	15	-1	save	OnCreate,OnInit
TTDialog	201	Dialog	11	-1	-1	save	OnCreate,OnInit
TTDialogPart	203	DialogPart	12	-1	-1	plain	OnCreate,OnInit
TTEvent	832	Event	38	184	-1	plain	OnCreate,OnInit
TTFont	141	Font	3	-1	-1	save	OnCreate,OnInit
TTGame	116	Game	-1	-1	-1	plain	OnCreate,OnInit
TTInterface	137	Interface	1	1	-1	save	OnCreate,OnInit
TTInterfaceClass	658	InterfaceClass	31	114	-1	save	OnCreate,OnInit
TTLanguage	261	Language	18	23	-1	save	OnCreate,OnInit
TTLoading	352	Loading	21	26	-1	save	OnCreate,OnInit
TTModel	705	Model	35	140	143	save	OnCreate,OnInit
TTObject	163	Object	6	1	-1	save	OnCreate,OnInit
TTOutfit	266	Outfit	17	23	-1	save	OnCreate,OnInit
TTParticleContainer	450	ParticleContainer	23	41	-1	save	OnCreate,OnInit
TTParticles	391	Particle	22	41	-1	save	OnCreate,OnInit
TTPoint	144	Point	5	-1	-1	save	OnCreate,OnInit
TTScene	129	Scene	4	1	-1	save	OnCreate,OnInit
TTScript	650	Script	30	100	-1	save	OnCreate,OnInit
TTScriptVariable	693	ScriptVariable	30	-1	-1	save	OnCreate,OnInit
TTShader	817	Shader	36	181	-1	plain	OnCreate,OnInit
TTSprite	207	Sprite	13	-1	-1	save	OnCreate,OnInit
TTText	209	Text	14	-1	-1	save	GetNameInList,OnCreate,OnInit
TTTextLanguage	255	TextLanguage	19	23	165	save	OnCreate,OnInit
TTValue	327	Value	20	24	-1	plain	OnCreate,OnInit
TTWaySystem	637	WaySystem	29	99	-1	save	OnCreate,OnInit
