assert_line	original_file	original_source_line	expression	enclosing_function
116163	/home/simon/Documents/jenkins/branchPillars/src/vsplayer/objectManaged.cpp	71	m_pAnimationLink == NULL	TMObject::SetActive(bool)
138037	/home/simon/Documents/jenkins/branchPillars/src/vsplayer/characterManaged.cpp	50	m_pAnimationLink == NULL	TMCharacter::SetAnimation(TGAnimation*)
138872	/home/simon/Documents/jenkins/branchPillars/src/vsplayer/interfaceGame.cpp	624	false	TGInterface::Draw()
149704	/home/simon/Documents/jenkins/branchPillars/src/vsplayer/animationGame.cpp	114	false	TGAnimation::DetachOwner(TAnimationOwner*)
191507	/home/simon/Documents/jenkins/branchPillars/src/vsplayer/managedObject.cpp	369	text != NULL	TManagedObject::SetText(TGText*)
195100	/home/simon/Documents/jenkins/branchPillars/src/vsplayer/actionGame.cpp	76	false	TGAction::operator=(TVisObjRef&)
196136	/home/simon/Documents/jenkins/branchPillars/src/vsplayer/actionGame.cpp	2400	RunningActions.size() == ActionIdToRunningAction.size()	TGAction::DeleteFinishedActions()
196303	/home/simon/Documents/jenkins/branchPillars/src/vsplayer/actionGame.cpp	2422	RunningActions.size() == ActionIdToRunningAction.size()	TGAction::DeleteFinishedActions()
200159	/home/simon/Documents/jenkins/branchPillars/src/vsplayer/actionGame.cpp	608	false	TGAction::Execute(bool, t_SkipCutsceneInfo*)
203333	/home/simon/Documents/jenkins/branchPillars/src/vsplayer/actionGame.cpp	508	false	TGAction::Execute(bool, t_SkipCutsceneInfo*)
205534	/home/simon/Documents/jenkins/branchPillars/src/vsplayer/actionGame.cpp	773	false	TGAction::Execute(bool, t_SkipCutsceneInfo*)
207611	/home/simon/Documents/jenkins/branchPillars/src/vsplayer/actionGame.cpp	1092	false	TGAction::Execute(bool, t_SkipCutsceneInfo*)
212673	/home/simon/Documents/jenkins/branchPillars/src/vsplayer/textGame.cpp	118	false	TGText::DetachOwner(TTextOwner*)
224094	/home/simon/Documents/jenkins/branchPillars/src/vsplayer/console.cpp	1360	index >= 0 && index < 3	TConsole::ParseObjectName(int)
432832	/home/simon/Documents/jenkins/branchPillars/src/vsplayer/scripting/scriptingutils.cpp	179	stackSizeBefore == stackSizeAfter	SaveGlobalScriptVariables(TVisionaireGame&)
433245	/home/simon/Documents/jenkins/branchPillars/src/vsplayer/scripting/scriptingutils.cpp	250	false	TraverseList(TVList const&, int, TVisionaireGame&)
433835	/home/simon/Documents/jenkins/branchPillars/src/vsplayer/scripting/scriptingutils.cpp	250	false	LoadGlobalScriptVariables(TVisionaireGame&)
433852	/home/simon/Documents/jenkins/branchPillars/src/vsplayer/scripting/scriptingutils.cpp	285	stackSizeBefore == stackSizeAfter	LoadGlobalScriptVariables(TVisionaireGame&)
450803	/home/simon/Documents/jenkins/branchPillars/src/vsplayer/control/gameController.cpp	198	gamecontroller_it != m_gamecontrollers.end()	TGameController::RemoveGameController(int)
462644	/home/simon/Documents/jenkins/branchPillars/src/vsplayer/control/gameControl.cpp	3149	false	TGameControl::SavegameExists(int)
472834	/home/simon/Documents/jenkins/branchPillars/src/vsplayer/control/gameControl.cpp	530	false	TGameControl::HandleMouseUp(wxPoint const&, TMouseMessageEnum)
483667	/home/simon/Documents/jenkins/branchPillars/src/vsplayer/control/loadingControl.cpp	71	current >= 0 && current <= max	TLoadingControl::UpdateStatus(int, int)
483864	/home/simon/Documents/jenkins/branchPillars/src/vsplayer/control/cursorControl.cpp	62	anim == m_currentAnimation	TCursorControl::AnimationStopped(TGAnimation*)
486638	/home/simon/Documents/jenkins/branchPillars/src/vsplayer/control/masterControl.cpp	118	false	TMasterControl::Signal(TSignalData const&, TSignalData&)
494374	/home/simon/Documents/jenkins/branchPillars/src/vsplayer/main/mainSDL.cpp	872	LogFile == NULL	Init(wxString const&, wxSize&, wxSize&, int, char**, wxCmdLineParser&)
494875	/home/simon/Documents/jenkins/branchPillars/src/vsplayer/main/mainSDL.cpp	885	LogFile != NULL	Init(wxString const&, wxSize&, wxSize&, int, char**, wxCmdLineParser&)
520350	/home/simon/Documents/jenkins/branchPillars/src/baselib/xmlWriter.cpp	67	Indent >= 0 && Indent < MAX_INDENTATION_LEVELS	TXMLWriter::StartTagS(char const*)
521176	/home/simon/Documents/jenkins/branchPillars/src/baselib/xmlWriter.cpp	247	Indent >= 0 && Indent < MAX_INDENTATION_LEVELS	TXMLWriter::FinishTag(int)
522023	/home/simon/Documents/jenkins/branchPillars/src/baselib/xmlWriter.cpp	233	Indent >= 0 && Indent < MAX_INDENTATION_LEVELS	TXMLWriter::AddContent(wxString const&)
522073	/home/simon/Documents/jenkins/branchPillars/src/baselib/xmlWriter.cpp	247	Indent >= 0 && Indent < MAX_INDENTATION_LEVELS	TXMLWriter::FinishTagS(char const*)
524042	/home/simon/Documents/jenkins/branchPillars/src/baselib/file.cpp	294	m_fileLength >= 0	TFile::ReadToBuf(TMemoryBuffer&, unsigned long)
525029	/home/simon/Documents/jenkins/branchPillars/src/baselib/file.cpp	414	!(flags & CONTENTFLAG_ENCRYPTED_HEADER)	TFile::PasteFile(wxFileName const&, wxString const&, long, unsigned long&)
527714	/home/simon/Documents/jenkins/branchPillars/src/baselib/xmlCommon.cpp	346	false	ConvertToBool(char const*, char const*)
541870	/home/simon/Documents/jenkins/branchPillars/src/baselib/composedfile.cpp	539	false	TComposedFile::GetComposedFileExtension() const
551943	/home/simon/Documents/jenkins/branchPillars/src/baselib/memfile.cpp	82	m_pData	TMemoryFile::GetBuffer()
553989	/home/simon/Documents/jenkins/branchPillars/src/baselib/md5.cpp	37	false	Salt(char*)
554242	/home/simon/Documents/jenkins/branchPillars/src/baselib/md5.cpp	37	false	ManipulateForMD5(char*)
554480	/home/simon/Documents/jenkins/branchPillars/src/baselib/md5.cpp	473	nLength % 4 == 0	md5::Transform(unsigned char*)
555383	/home/simon/Documents/jenkins/branchPillars/src/baselib/md5.cpp	455	nLength % 4 == 0	md5::Finalize()
555476	/home/simon/Documents/jenkins/branchPillars/src/baselib/md5.cpp	455	nLength % 4 == 0	md5::Finalize()
556239	/home/simon/Documents/jenkins/branchPillars/src/baselib/md5.cpp	455	nLength % 4 == 0	md5::Encode(unsigned char*, unsigned int*, unsigned int)
556299	/home/simon/Documents/jenkins/branchPillars/src/baselib/md5.cpp	473	nLength % 4 == 0	md5::Decode(unsigned int*, unsigned char*, unsigned int)
584857	/home/simon/Documents/jenkins/branchPillars/src/datastruct/typegrp.cpp	198	false	TTypeGroup::operator=(TTypeGroup const&)
585170	/home/simon/Documents/jenkins/branchPillars/src/datastruct/typegrp.cpp	305	descr >= 0 && descr < g_lookupTable.numEntries	TTypeGroup::GetTypeData(int) const
585186	/home/simon/Documents/jenkins/branchPillars/src/datastruct/typegrp.cpp	314	false	TTypeGroup::GetTypeData(int) const
585370	/home/simon/Documents/jenkins/branchPillars/src/datastruct/typegrp.cpp	339	descr >= 0 && descr < g_lookupTable.numEntries	TTypeGroup::GetType(int, bool) const
585418	/home/simon/Documents/jenkins/branchPillars/src/datastruct/typegrp.cpp	350	false	TTypeGroup::GetType(int, bool) const
585736	/home/simon/Documents/jenkins/branchPillars/src/datastruct/typegrp.cpp	198	false	TTypeGroup::TTypeGroup(TTypeGroup const&)
586016	/home/simon/Documents/jenkins/branchPillars/src/datastruct/typegrp.cpp	156	g_lookupTable.pEntries != NULL	TTypeGroup::AddType(TTypeData const&)
586544	/home/simon/Documents/jenkins/branchPillars/src/datastruct/visionaireobject.cpp	322	RefCount > 0 && RefCount < 3000	TVList::~TVList()
586618	/home/simon/Documents/jenkins/branchPillars/src/datastruct/visionaireobject.cpp	322	RefCount > 0 && RefCount < 3000	TVList::clear()
586672	/home/simon/Documents/jenkins/branchPillars/src/datastruct/visionaireobject.cpp	322	RefCount > 0 && RefCount < 3000	TVList::erase(__gnu_cxx::__normal_iterator<TVisionaireObject**, std::vector<TVisionaireObject*, std::allocator<TVisionaireObject*> > >)
586904	/home/simon/Documents/jenkins/branchPillars/src/datastruct/visionaireobject.cpp	322	RefCount > 0 && RefCount < 3000	TVList::pop_back()
586928	/home/simon/Documents/jenkins/branchPillars/src/datastruct/visionaireobject.cpp	109	false	TVList::pop_back()
587627	/home/simon/Documents/jenkins/branchPillars/src/datastruct/visionaireobject.cpp	322	RefCount > 0 && RefCount < 3000	TVisionaireObject::Release()
587924	/home/simon/Documents/jenkins/branchPillars/src/datastruct/visionaireobject.cpp	552	false	TVisionaireObject::operator=(TVisionaireObject const&)
587947	/home/simon/Documents/jenkins/branchPillars/src/datastruct/visionaireobject.cpp	559	false	TVisionaireObject::operator=(TVisionaireObject const*)
588223	/home/simon/Documents/jenkins/branchPillars/src/datastruct/visionaireobject.cpp	598	pTable != NULL	TVisionaireObject::SetName(TCharHolder const&)
590806	/home/simon/Documents/jenkins/branchPillars/src/datastruct/visionaireobject.cpp	322	RefCount > 0 && RefCount < 3000	TVisionaireObject::GetList(int, TVList&) const
592423	/home/simon/Documents/jenkins/branchPillars/src/datastruct/visionaireobject.cpp	322	RefCount > 0 && RefCount < 3000	TVisionaireObject::SetValue(int, TVList const&, bool)
592523	/home/simon/Documents/jenkins/branchPillars/src/datastruct/visionaireobject.cpp	1150	value != NULL	TVisionaireObject::IsLinked(int, TVisionaireObject const*) const
592765	/home/simon/Documents/jenkins/branchPillars/src/datastruct/visionaireobject.cpp	1181	srcObject != NULL	TVisionaireObject::CopyContent(TVisionaireObject const*, bool, std::vector<int, std::allocator<int> >*)
593239	/home/simon/Documents/jenkins/branchPillars/src/datastruct/visionaireobject.cpp	322	RefCount > 0 && RefCount < 3000	TVisionaireObject::Remove(bool, bool)
593313	/home/simon/Documents/jenkins/branchPillars/src/datastruct/visionaireobject.cpp	284	RefCount == 0	TVisionaireObject::~TVisionaireObject()
593951	/home/simon/Documents/jenkins/branchPillars/src/datastruct/visionaireobject.cpp	91	false	TVList::push_back(TVisObjRef const&)
594068	/home/simon/Documents/jenkins/branchPillars/src/datastruct/visionaireobject.cpp	123	false	TVList::insert(__gnu_cxx::__normal_iterator<TVisionaireObject**, std::vector<TVisionaireObject*, std::allocator<TVisionaireObject*> > >, TVisObjRef const&)
594142	/home/simon/Documents/jenkins/branchPillars/src/datastruct/visionaireobject.cpp	322	RefCount > 0 && RefCount < 3000	TVList::operator=(TVList const&)
594241	/home/simon/Documents/jenkins/branchPillars/src/datastruct/visionaireobject.cpp	96	obj != NULL	TVList::push_back(TVisionaireObject*)
594325	/home/simon/Documents/jenkins/branchPillars/src/datastruct/visionaireobject.cpp	322	RefCount > 0 && RefCount < 3000	TVisionaireObject::GetObjectsLinkedTo(TVList&, std::vector<int, std::allocator<int> >&) const
594410	/home/simon/Documents/jenkins/branchPillars/src/datastruct/visionaireobject.cpp	96	obj != NULL	TVisionaireObject::GetObjectsLinkedTo(TVList&, std::vector<int, std::allocator<int> >&) const
594717	/home/simon/Documents/jenkins/branchPillars/src/datastruct/visionaireobject.cpp	96	obj != NULL	TVisionaireObject::GetChildren(TVList&) const
594751	/home/simon/Documents/jenkins/branchPillars/src/datastruct/visionaireobject.cpp	91	false	TVisionaireObject::GetChildren(TVList&) const
594813	/home/simon/Documents/jenkins/branchPillars/src/datastruct/visionaireobject.cpp	322	RefCount > 0 && RefCount < 3000	TVList::copy(TVList const&)
595441	/home/simon/Documents/jenkins/branchPillars/src/datastruct/visionaireobject.cpp	322	RefCount > 0 && RefCount < 3000	TVisionaireObject::GetLinks(int, eTypeOrder, TVList&) const
595502	/home/simon/Documents/jenkins/branchPillars/src/datastruct/visionaireobject.cpp	96	obj != NULL	TVisionaireObject::GetLinks(int, eTypeOrder, TVList&) const
600171	/home/simon/Documents/jenkins/branchPillars/src/datastruct/visobjref.cpp	590	false	TVisObjRef::CopyContent(TVisObjRef const&, bool, std::vector<int, std::allocator<int> >*)
600344	/home/simon/Documents/jenkins/branchPillars/src/datastruct/visobjref.cpp	636	visionaire != NULL	TVisObjRef::GetVisionaire() const
600405	/home/simon/Documents/jenkins/branchPillars/src/datastruct/datagrp.cpp	76	m_pTempData == NULL	TDataGroup::CreateTempData()
600806	/home/simon/Documents/jenkins/branchPillars/src/datastruct/datagrp.cpp	377	false	_ZN10TDataGroup10RemoveLinkEiRK3TIdb_part_134
601152	/home/simon/Documents/jenkins/branchPillars/src/datastruct/datagrp.cpp	144	false	TDataGroup::SetValue(int, void const*, eTypeData, TSendEventEnum)
601592	/home/simon/Documents/jenkins/branchPillars/src/datastruct/datagrp.cpp	192	false	TDataGroup::GetValue(int, eTypeData) const
602197	/home/simon/Documents/jenkins/branchPillars/src/datastruct/datagrp.cpp	737	!it->IsParentLink()	TDataGroup::ValidateAndAdaptLinks()
602363	/home/simon/Documents/jenkins/branchPillars/src/datastruct/datagrp.cpp	697	!link.IsParentLink()	TDataGroup::ValidateAndAdaptLinks()
604142	/home/simon/Documents/jenkins/branchPillars/src/datastruct/datagrp.cpp	421	false	TDataGroup::ForEachCall(eActivity, void*, void*)
605257	/home/simon/Documents/jenkins/branchPillars/src/datastruct/datagrp.cpp	421	false	_ZN10TDataGroup11ForEachCallE9eActivityPvS1__constprop_220
605657	/home/simon/Documents/jenkins/branchPillars/src/datastruct/datagrp.cpp	321	false	TDataGroup::SetLink(int, TId const&, bool, bool)
605836	/home/simon/Documents/jenkins/branchPillars/src/datastruct/datagrp.cpp	318	false	TDataGroup::SetLink(int, TId const&, bool, bool)
608396	/home/simon/Documents/jenkins/branchPillars/src/datastruct/visionaire.cpp	1372	newPosT1 != -1 && newPosT2 != -1	ScrambledSorting(TTable*, TTable*)
608444	/home/simon/Documents/jenkins/branchPillars/src/datastruct/visionaire.cpp	308	srcObject != NULL && parent != NULL	_ZN11TVisionaire10CopyObjectEPK17TVisionaireObjectPS0_ib_constprop_145
608971	/home/simon/Documents/jenkins/branchPillars/src/datastruct/visionaire.cpp	116	MappedIds.empty()	TVisionaire::Clear()
608979	/home/simon/Documents/jenkins/branchPillars/src/datastruct/visionaire.cpp	117	TempParentLinkRefs.empty()	TVisionaire::Clear()
609091	/home/simon/Documents/jenkins/branchPillars/src/datastruct/visionaire.cpp	153	MainObject != NULL	TVisionaire::GetGame() const
609167	/home/simon/Documents/jenkins/branchPillars/src/datastruct/visionaire.cpp	169	AnyObject != NULL	TVisionaire::GetAnyObject() const
609686	/home/simon/Documents/jenkins/branchPillars/src/datastruct/visionaire.cpp	257	false	TVisionaire::CloneObject(TVisObjRef const&, bool)
609703	/home/simon/Documents/jenkins/branchPillars/src/datastruct/visionaire.cpp	284	false	TVisionaire::CloneObject(TVisObjRef const&, bool)
609745	/home/simon/Documents/jenkins/branchPillars/src/datastruct/visionaire.cpp	308	srcObject != NULL && parent != NULL	TVisionaire::CopyObject(TVisionaireObject const*, TVisionaireObject*, int, bool)
610067	/home/simon/Documents/jenkins/branchPillars/src/datastruct/visionaire.cpp	362	false	TVisionaire::ResetActiveData(eVisionaireTable)
610120	/home/simon/Documents/jenkins/branchPillars/src/datastruct/visionaire.cpp	389	false	TVisionaire::RemoveObjectWithoutChildren(TVisObjRef&)
610160	/home/simon/Documents/jenkins/branchPillars/src/datastruct/visionaire.cpp	427	obj != NULL	TVisionaire::RemoveObjectByParent(TVisionaireObject*)
610288	/home/simon/Documents/jenkins/branchPillars/src/datastruct/visionaire.cpp	456	false	TVisionaire::RemoveObjectByParent(TVisionaireObject*)
610443	/home/simon/Documents/jenkins/branchPillars/src/datastruct/visionaire.cpp	395	obj != NULL	TVisionaire::RemoveObject(TVisionaireObject*)
610521	/home/simon/Documents/jenkins/branchPillars/src/datastruct/visionaire.cpp	413	false	TVisionaire::RemoveObject(TVisionaireObject*)
610696	/home/simon/Documents/jenkins/branchPillars/src/datastruct/visionaire.cpp	490	false	TVisionaire::ChangeOrder(TVisObjRef const&, TMoveOrderEnum)
611728	/home/simon/Documents/jenkins/branchPillars/src/datastruct/visionaire.cpp	1163	false	TVisionaire::GetVisTableName(int, bool) const
611869	/home/simon/Documents/jenkins/branchPillars/src/datastruct/visionaire.cpp	1182	false	TVisionaire::GetTableNameSingular(int, bool) const
612010	/home/simon/Documents/jenkins/branchPillars/src/datastruct/visionaire.cpp	1201	false	TVisionaire::GetTableNamePlural(int, bool) const
612786	/home/simon/Documents/jenkins/branchPillars/src/datastruct/visionaire.cpp	1338	*node != NULL	TVisionaire::CompleteTables() const
612804	/home/simon/Documents/jenkins/branchPillars/src/datastruct/visionaire.cpp	1342	*node != NULL	TVisionaire::CompleteTables() const
613055	/home/simon/Documents/jenkins/branchPillars/src/datastruct/visionaire.cpp	1516	false	TVisionaire::RemoveLink(TId const&, TId const&, int)
613635	/home/simon/Documents/jenkins/branchPillars/src/datastruct/visionaire.cpp	1113	false	TVisionaire::EndMerge()
614861	/home/simon/Documents/jenkins/branchPillars/src/datastruct/visionaire.cpp	1284	identifier < (int) Tables.size()	TVisionaire::AddTable(int, int, wxString const&, wxString const&, wxString const&, TTypeGroup const&, int, bool)
614869	/home/simon/Documents/jenkins/branchPillars/src/datastruct/visionaire.cpp	1288	false	TVisionaire::AddTable(int, int, wxString const&, wxString const&, wxString const&, TTypeGroup const&, int, bool)
616262	/home/simon/Documents/jenkins/branchPillars/src/datastruct/visionaire.cpp	1453	false	TVisionaire::AddLink(TId const&, TId const&, int, bool)
616500	/home/simon/Documents/jenkins/branchPillars/src/datastruct/visionaire.cpp	1648	srcObj != NULL	TVisionaire::PasteObject(TVisionaireObject const*, TId const&, int)
616641	/home/simon/Documents/jenkins/branchPillars/src/datastruct/visionaire.cpp	1630	false	TVisionaire::PasteObject(TVisObjRef const&, TId const&, int)
616782	/home/simon/Documents/jenkins/branchPillars/src/datastruct/visionaire.cpp	1372	newPosT1 != -1 && newPosT2 != -1	TVisionaire::SetScrambled()
616964	/home/simon/Documents/jenkins/branchPillars/src/datastruct/visionaire.cpp	815	MainObject->IsEmpty() == false	TVisionaire::SaveData(TProjectFileWriter&, EventHandler*, bool)
616975	/home/simon/Documents/jenkins/branchPillars/src/datastruct/visionaire.cpp	833	false	TVisionaire::SaveData(TProjectFileWriter&, EventHandler*, bool)
617079	/home/simon/Documents/jenkins/branchPillars/src/datastruct/visionaire.cpp	850	false	TVisionaire::SaveData(TProjectFileWriter&, EventHandler*, bool)
617132	/home/simon/Documents/jenkins/branchPillars/src/datastruct/visionaire.cpp	850	false	TVisionaire::SaveData(TProjectFileWriter&, EventHandler*, bool)
617150	/home/simon/Documents/jenkins/branchPillars/src/datastruct/visionaire.cpp	827	false	TVisionaire::SaveData(TProjectFileWriter&, EventHandler*, bool)
618781	/home/simon/Documents/jenkins/branchPillars/src/datastruct/visionaire.cpp	815	MainObject->IsEmpty() == false	_ZN11TVisionaire8SaveDataER18TProjectFileWriterP12EventHandlerb_constprop_136
618792	/home/simon/Documents/jenkins/branchPillars/src/datastruct/visionaire.cpp	833	false	_ZN11TVisionaire8SaveDataER18TProjectFileWriterP12EventHandlerb_constprop_136
618864	/home/simon/Documents/jenkins/branchPillars/src/datastruct/visionaire.cpp	850	false	_ZN11TVisionaire8SaveDataER18TProjectFileWriterP12EventHandlerb_constprop_136
618900	/home/simon/Documents/jenkins/branchPillars/src/datastruct/visionaire.cpp	827	false	_ZN11TVisionaire8SaveDataER18TProjectFileWriterP12EventHandlerb_constprop_136
620028	/home/simon/Documents/jenkins/branchPillars/src/datastruct/visionaire.cpp	530	gameType == t_DATAGAME || gameType == t_SAVEGAME	TVisionaire::Load(wxFileName const&, wxString const&, eSaveGame, TLoadingTypeEnum, int*, TSignalSlot*, EventHandler*)
620038	/home/simon/Documents/jenkins/branchPillars/src/datastruct/visionaire.cpp	531	gameType != t_SAVEGAME || loadingType == eLoadingTypeLoad	TVisionaire::Load(wxFileName const&, wxString const&, eSaveGame, TLoadingTypeEnum, int*, TSignalSlot*, EventHandler*)
620102	/home/simon/Documents/jenkins/branchPillars/src/datastruct/visionaire.cpp	575	!MainObject->IsEmpty()	TVisionaire::Load(wxFileName const&, wxString const&, eSaveGame, TLoadingTypeEnum, int*, TSignalSlot*, EventHandler*)
623954	/home/simon/Documents/jenkins/branchPillars/src/datastruct/data.cpp	26	value != NULL	GetRefInt(void const*)
624029	/home/simon/Documents/jenkins/branchPillars/src/datastruct/data.cpp	39	value != NULL	GetRefFloat(void const*)
624104	/home/simon/Documents/jenkins/branchPillars/src/datastruct/data.cpp	52	value != NULL	GetRefBool(void const*)
624179	/home/simon/Documents/jenkins/branchPillars/src/datastruct/data.cpp	65	value != NULL	GetRefString(void const*)
624284	/home/simon/Documents/jenkins/branchPillars/src/datastruct/data.cpp	78	value != NULL	GetRefPath(void const*)
624389	/home/simon/Documents/jenkins/branchPillars/src/datastruct/data.cpp	91	value != NULL	GetRefRect(void const*)
624485	/home/simon/Documents/jenkins/branchPillars/src/datastruct/data.cpp	104	value != NULL	GetRefPoint(void const*)
624579	/home/simon/Documents/jenkins/branchPillars/src/datastruct/data.cpp	117	value != NULL	GetRefSprite(void const*)
624686	/home/simon/Documents/jenkins/branchPillars/src/datastruct/data.cpp	130	value != NULL	GetRefLink(void const*)
624798	/home/simon/Documents/jenkins/branchPillars/src/datastruct/data.cpp	151	value != NULL	GetRefLinks(void const*)
624913	/home/simon/Documents/jenkins/branchPillars/src/datastruct/data.cpp	156	value != NULL	GetRefVRect(void const*)
625012	/home/simon/Documents/jenkins/branchPillars/src/datastruct/data.cpp	161	value != NULL	GetRefVPoint(void const*)
625116	/home/simon/Documents/jenkins/branchPillars/src/datastruct/data.cpp	166	value != NULL	GetRefVPath(void const*)
625231	/home/simon/Documents/jenkins/branchPillars/src/datastruct/data.cpp	171	value != NULL	GetRefVInt(void const*)
625330	/home/simon/Documents/jenkins/branchPillars/src/datastruct/data.cpp	176	value != NULL	GetRefVFloat(void const*)
625428	/home/simon/Documents/jenkins/branchPillars/src/datastruct/data.cpp	181	value != NULL	GetRefVBool(void const*)
625536	/home/simon/Documents/jenkins/branchPillars/src/datastruct/data.cpp	186	value != NULL	GetRefVString(void const*)
625656	/home/simon/Documents/jenkins/branchPillars/src/datastruct/data.cpp	191	value != NULL	GetRefVSprite(void const*)
625777	/home/simon/Documents/jenkins/branchPillars/src/datastruct/data.cpp	196	value != NULL	GetRefVText(void const*)
626032	/home/simon/Documents/jenkins/branchPillars/src/datastruct/data.cpp	39	value != NULL	TData::CreateDataInstance(eTypeData, void*)
626064	/home/simon/Documents/jenkins/branchPillars/src/datastruct/data.cpp	26	value != NULL	TData::CreateDataInstance(eTypeData, void*)
626096	/home/simon/Documents/jenkins/branchPillars/src/datastruct/data.cpp	52	value != NULL	TData::CreateDataInstance(eTypeData, void*)
626365	/home/simon/Documents/jenkins/branchPillars/src/datastruct/data.cpp	340	!it->GetId().IsEmpty()	TData::DeleteDataInstance(eTypeData, void*, TDataGroup*)
626843	/home/simon/Documents/jenkins/branchPillars/src/datastruct/data.cpp	186	value != NULL	TData::ClearDataInstance(eTypeData, void*)
626896	/home/simon/Documents/jenkins/branchPillars/src/datastruct/data.cpp	151	value != NULL	TData::ClearDataInstance(eTypeData, void*)
626949	/home/simon/Documents/jenkins/branchPillars/src/datastruct/data.cpp	191	value != NULL	TData::ClearDataInstance(eTypeData, void*)
627004	/home/simon/Documents/jenkins/branchPillars/src/datastruct/data.cpp	39	value != NULL	TData::ClearDataInstance(eTypeData, void*)
627036	/home/simon/Documents/jenkins/branchPillars/src/datastruct/data.cpp	26	value != NULL	TData::ClearDataInstance(eTypeData, void*)
627068	/home/simon/Documents/jenkins/branchPillars/src/datastruct/data.cpp	52	value != NULL	TData::ClearDataInstance(eTypeData, void*)
627099	/home/simon/Documents/jenkins/branchPillars/src/datastruct/data.cpp	196	value != NULL	TData::ClearDataInstance(eTypeData, void*)
627156	/home/simon/Documents/jenkins/branchPillars/src/datastruct/data.cpp	166	value != NULL	TData::ClearDataInstance(eTypeData, void*)
627661	/home/simon/Documents/jenkins/branchPillars/src/datastruct/data.cpp	52	value != NULL	TData::SerializeParam(char const*, char const*, eTypeData, void*)
627693	/home/simon/Documents/jenkins/branchPillars/src/datastruct/data.cpp	39	value != NULL	TData::SerializeParam(char const*, char const*, eTypeData, void*)
627727	/home/simon/Documents/jenkins/branchPillars/src/datastruct/data.cpp	26	value != NULL	TData::SerializeParam(char const*, char const*, eTypeData, void*)
627768	/home/simon/Documents/jenkins/branchPillars/src/datastruct/data.cpp	26	value != NULL	TData::SerializeParam(char const*, char const*, eTypeData, void*)
628015	/home/simon/Documents/jenkins/branchPillars/src/datastruct/data.cpp	39	value != NULL	TData::SerializeParam(TProjectFileWriter&, eTypeData, int, void*)
628047	/home/simon/Documents/jenkins/branchPillars/src/datastruct/data.cpp	26	value != NULL	TData::SerializeParam(TProjectFileWriter&, eTypeData, int, void*)
628079	/home/simon/Documents/jenkins/branchPillars/src/datastruct/data.cpp	52	value != NULL	TData::SerializeParam(TProjectFileWriter&, eTypeData, int, void*)
628276	/home/simon/Documents/jenkins/branchPillars/src/datastruct/data.cpp	191	value != NULL	TData::SerializeContent(TProjectFileWriter&, eTypeData, int, void*)
628348	/home/simon/Documents/jenkins/branchPillars/src/datastruct/data.cpp	186	value != NULL	TData::SerializeContent(TProjectFileWriter&, eTypeData, int, void*)
628419	/home/simon/Documents/jenkins/branchPillars/src/datastruct/data.cpp	166	value != NULL	TData::SerializeContent(TProjectFileWriter&, eTypeData, int, void*)
628539	/home/simon/Documents/jenkins/branchPillars/src/datastruct/data.cpp	196	value != NULL	TData::SerializeContent(TProjectFileWriter&, eTypeData, int, void*)
628595	/home/simon/Documents/jenkins/branchPillars/src/datastruct/data.cpp	151	value != NULL	TData::SerializeContent(TProjectFileWriter&, eTypeData, int, void*)
628870	/home/simon/Documents/jenkins/branchPillars/src/datastruct/data.cpp	26	value != NULL	TData::Compare(eTypeData, void const*, void const*)
629448	/home/simon/Documents/jenkins/branchPillars/src/datastruct/data.cpp	166	value != NULL	TData::Compare(eTypeData, void const*, void const*)
629498	/home/simon/Documents/jenkins/branchPillars/src/datastruct/data.cpp	166	value != NULL	TData::Compare(eTypeData, void const*, void const*)
629552	/home/simon/Documents/jenkins/branchPillars/src/datastruct/data.cpp	191	value != NULL	TData::Compare(eTypeData, void const*, void const*)
629604	/home/simon/Documents/jenkins/branchPillars/src/datastruct/data.cpp	39	value != NULL	TData::Compare(eTypeData, void const*, void const*)
629636	/home/simon/Documents/jenkins/branchPillars/src/datastruct/data.cpp	39	value != NULL	TData::Compare(eTypeData, void const*, void const*)
629666	/home/simon/Documents/jenkins/branchPillars/src/datastruct/data.cpp	186	value != NULL	TData::Compare(eTypeData, void const*, void const*)
629717	/home/simon/Documents/jenkins/branchPillars/src/datastruct/data.cpp	151	value != NULL	TData::Compare(eTypeData, void const*, void const*)
629768	/home/simon/Documents/jenkins/branchPillars/src/datastruct/data.cpp	151	value != NULL	TData::Compare(eTypeData, void const*, void const*)
629823	/home/simon/Documents/jenkins/branchPillars/src/datastruct/data.cpp	26	value != NULL	TData::Compare(eTypeData, void const*, void const*)
629854	/home/simon/Documents/jenkins/branchPillars/src/datastruct/data.cpp	186	value != NULL	TData::Compare(eTypeData, void const*, void const*)
629908	/home/simon/Documents/jenkins/branchPillars/src/datastruct/data.cpp	191	value != NULL	TData::Compare(eTypeData, void const*, void const*)
629964	/home/simon/Documents/jenkins/branchPillars/src/datastruct/data.cpp	52	value != NULL	TData::Compare(eTypeData, void const*, void const*)
629996	/home/simon/Documents/jenkins/branchPillars/src/datastruct/data.cpp	52	value != NULL	TData::Compare(eTypeData, void const*, void const*)
630956	/home/simon/Documents/jenkins/branchPillars/src/datastruct/data.cpp	151	value != NULL	TData::CompareDataWithValue(eTypeData, void const*, void const*)
631012	/home/simon/Documents/jenkins/branchPillars/src/datastruct/data.cpp	52	value != NULL	TData::CompareDataWithValue(eTypeData, void const*, void const*)
631043	/home/simon/Documents/jenkins/branchPillars/src/datastruct/data.cpp	166	value != NULL	TData::CompareDataWithValue(eTypeData, void const*, void const*)
631098	/home/simon/Documents/jenkins/branchPillars/src/datastruct/data.cpp	186	value != NULL	TData::CompareDataWithValue(eTypeData, void const*, void const*)
631154	/home/simon/Documents/jenkins/branchPillars/src/datastruct/data.cpp	39	value != NULL	TData::CompareDataWithValue(eTypeData, void const*, void const*)
631185	/home/simon/Documents/jenkins/branchPillars/src/datastruct/data.cpp	191	value != NULL	TData::CompareDataWithValue(eTypeData, void const*, void const*)
631244	/home/simon/Documents/jenkins/branchPillars/src/datastruct/data.cpp	26	value != NULL	TData::CompareDataWithValue(eTypeData, void const*, void const*)
632487	/home/simon/Documents/jenkins/branchPillars/src/datastruct/data.cpp	26	value != NULL	TData::ToString(eTypeData, void*, TVisionaire*)
632518	/home/simon/Documents/jenkins/branchPillars/src/datastruct/data.cpp	166	value != NULL	TData::ToString(eTypeData, void*, TVisionaire*)
632572	/home/simon/Documents/jenkins/branchPillars/src/datastruct/data.cpp	186	value != NULL	TData::ToString(eTypeData, void*, TVisionaire*)
632626	/home/simon/Documents/jenkins/branchPillars/src/datastruct/data.cpp	52	value != NULL	TData::ToString(eTypeData, void*, TVisionaire*)
632657	/home/simon/Documents/jenkins/branchPillars/src/datastruct/data.cpp	151	value != NULL	TData::ToString(eTypeData, void*, TVisionaire*)
632711	/home/simon/Documents/jenkins/branchPillars/src/datastruct/data.cpp	191	value != NULL	TData::ToString(eTypeData, void*, TVisionaire*)
632766	/home/simon/Documents/jenkins/branchPillars/src/datastruct/data.cpp	39	value != NULL	TData::ToString(eTypeData, void*, TVisionaire*)
633554	/home/simon/Documents/jenkins/branchPillars/src/datastruct/data.cpp	191	value != NULL	TData::GetSizeMemory(eTypeData, void*, bool, TVisionaire*)
633641	/home/simon/Documents/jenkins/branchPillars/src/datastruct/data.cpp	186	value != NULL	TData::GetSizeMemory(eTypeData, void*, bool, TVisionaire*)
633727	/home/simon/Documents/jenkins/branchPillars/src/datastruct/data.cpp	166	value != NULL	TData::GetSizeMemory(eTypeData, void*, bool, TVisionaire*)
633842	/home/simon/Documents/jenkins/branchPillars/src/datastruct/data.cpp	151	value != NULL	TData::GetSizeMemory(eTypeData, void*, bool, TVisionaire*)
633921	/home/simon/Documents/jenkins/branchPillars/src/datastruct/data.cpp	196	value != NULL	TData::GetSizeMemory(eTypeData, void*, bool, TVisionaire*)
634078	/home/simon/Documents/jenkins/branchPillars/src/datastruct/data.cpp	151	value != NULL	TData::GetSizeMemory(eTypeData, void*, bool, TVisionaire*)
634130	/home/simon/Documents/jenkins/branchPillars/src/datastruct/data.cpp	186	value != NULL	TData::GetSizeMemory(eTypeData, void*, bool, TVisionaire*)
634181	/home/simon/Documents/jenkins/branchPillars/src/datastruct/data.cpp	166	value != NULL	TData::GetSizeMemory(eTypeData, void*, bool, TVisionaire*)
634233	/home/simon/Documents/jenkins/branchPillars/src/datastruct/data.cpp	191	value != NULL	TData::GetSizeMemory(eTypeData, void*, bool, TVisionaire*)
634286	/home/simon/Documents/jenkins/branchPillars/src/datastruct/data.cpp	196	value != NULL	TData::GetSizeMemory(eTypeData, void*, bool, TVisionaire*)
634343	/home/simon/Documents/jenkins/branchPillars/src/datastruct/data.cpp	196	value != NULL	TData::GetSizeMemory(eTypeData, void*, bool, TVisionaire*)
634924	/home/simon/Documents/jenkins/branchPillars/src/datastruct/data.cpp	166	value != NULL	TData::Assign(eTypeData, void*, void const*)
635027	/home/simon/Documents/jenkins/branchPillars/src/datastruct/data.cpp	39	value != NULL	TData::Assign(eTypeData, void*, void const*)
635059	/home/simon/Documents/jenkins/branchPillars/src/datastruct/data.cpp	26	value != NULL	TData::Assign(eTypeData, void*, void const*)
635091	/home/simon/Documents/jenkins/branchPillars/src/datastruct/data.cpp	186	value != NULL	TData::Assign(eTypeData, void*, void const*)
635143	/home/simon/Documents/jenkins/branchPillars/src/datastruct/data.cpp	191	value != NULL	TData::Assign(eTypeData, void*, void const*)
635197	/home/simon/Documents/jenkins/branchPillars/src/datastruct/data.cpp	52	value != NULL	TData::Assign(eTypeData, void*, void const*)
635229	/home/simon/Documents/jenkins/branchPillars/src/datastruct/data.cpp	196	value != NULL	TData::Assign(eTypeData, void*, void const*)
636364	/home/simon/Documents/jenkins/branchPillars/src/datastruct/xmlProjectReader.cpp	1017	false	TXMLProjectReader::parseNodes(rapidxml::xml_node<char>*, UserData*)
636448	/home/simon/Documents/jenkins/branchPillars/src/datastruct/xmlProjectReader.cpp	530	ud->Object != NULL || ud->SaveGame	TXMLProjectReader::parseNodes(rapidxml::xml_node<char>*, UserData*)
636480	/home/simon/Documents/jenkins/branchPillars/src/datastruct/xmlProjectReader.cpp	447	ud->Object == NULL	TXMLProjectReader::parseNodes(rapidxml::xml_node<char>*, UserData*)
636924	/home/simon/Documents/jenkins/branchPillars/src/datastruct/xmlProjectReader.cpp	981	ud->Sprite != NULL	TXMLProjectReader::parseNodes(rapidxml::xml_node<char>*, UserData*)
636934	/home/simon/Documents/jenkins/branchPillars/src/datastruct/xmlProjectReader.cpp	1008	false	TXMLProjectReader::parseNodes(rapidxml::xml_node<char>*, UserData*)
637108	/home/simon/Documents/jenkins/branchPillars/src/datastruct/xmlProjectReader.cpp	1234	ud->Object != NULL || ud->SaveGame	TXMLProjectReader::parseNodes(rapidxml::xml_node<char>*, UserData*)
637115	/home/simon/Documents/jenkins/branchPillars/src/datastruct/xmlProjectReader.cpp	1235	ud->TypeGroup != NULL	TXMLProjectReader::parseNodes(rapidxml::xml_node<char>*, UserData*)
637165	/home/simon/Documents/jenkins/branchPillars/src/datastruct/xmlProjectReader.cpp	1081	false	TXMLProjectReader::parseNodes(rapidxml::xml_node<char>*, UserData*)
637219	/home/simon/Documents/jenkins/branchPillars/src/datastruct/xmlProjectReader.cpp	1274	false	TXMLProjectReader::parseNodes(rapidxml::xml_node<char>*, UserData*)
637414	/home/simon/Documents/jenkins/branchPillars/src/datastruct/xmlProjectReader.cpp	416	false	TXMLProjectReader::parseNodes(rapidxml::xml_node<char>*, UserData*)
637515	/home/simon/Documents/jenkins/branchPillars/src/datastruct/xmlProjectReader.cpp	1061	false	TXMLProjectReader::parseNodes(rapidxml::xml_node<char>*, UserData*)
637602	/home/simon/Documents/jenkins/branchPillars/src/datastruct/xmlProjectReader.cpp	424	false	TXMLProjectReader::parseNodes(rapidxml::xml_node<char>*, UserData*)
637684	/home/simon/Documents/jenkins/branchPillars/src/datastruct/xmlProjectReader.cpp	214	false	TXMLProjectReader::parseNodes(rapidxml::xml_node<char>*, UserData*)
637881	/home/simon/Documents/jenkins/branchPillars/src/datastruct/xmlProjectReader.cpp	303	false	TXMLProjectReader::parseNodes(rapidxml::xml_node<char>*, UserData*)
639062	/home/simon/Documents/jenkins/branchPillars/src/datastruct/xmlProjectReader.cpp	1202	!it->GetId().IsEmpty()	TXMLProjectReader::parseNodes(rapidxml::xml_node<char>*, UserData*)
640559	/home/simon/Documents/jenkins/branchPillars/src/datastruct/xmlProjectReader.cpp	409	false	TXMLProjectReader::parseNodes(rapidxml::xml_node<char>*, UserData*)
642190	/home/simon/Documents/jenkins/branchPillars/src/datastruct/xmlProjectReader.cpp	1350	bytesRead == 8	TXMLProjectReader::ReadXMLDoc(TVedFile&, wxString const&, eXMLNamesIntern, TLoadingTypeEnum, int*, TSignalSlot*, EventHandler*, int)
642996	/home/simon/Documents/jenkins/branchPillars/src/datastruct/xmlProjectReader.cpp	1453	false	TXMLProjectReader::ReadXMLDoc(TVedFile&, wxString const&, eXMLNamesIntern, TLoadingTypeEnum, int*, TSignalSlot*, EventHandler*, int)
643050	/home/simon/Documents/jenkins/branchPillars/src/datastruct/xmlProjectReader.cpp	1368	false	TXMLProjectReader::ReadXMLDoc(TVedFile&, wxString const&, eXMLNamesIntern, TLoadingTypeEnum, int*, TSignalSlot*, EventHandler*, int)
649119	/home/simon/Documents/jenkins/branchPillars/src/datastruct/binaryProjectReader.cpp	550	false	_Z10saveObjectP8_IO_FILEPvi_constprop_175
650319	/home/simon/Documents/jenkins/branchPillars/src/datastruct/binaryProjectReader.cpp	550	false	saveObject(_IO_FILE*, void*, int)
651956	/home/simon/Documents/jenkins/branchPillars/src/datastruct/binaryProjectReader.cpp	591	false	loadObject(_IO_FILE*, void*, int, int)
652374	/home/simon/Documents/jenkins/branchPillars/src/datastruct/binaryProjectReader.cpp	591	false	_Z10loadObjectP8_IO_FILEPvii_constprop_174
654418	/home/simon/Documents/jenkins/branchPillars/src/datastruct/binaryProjectReader.cpp	1100	!it->GetId().IsEmpty()	TVisionaire::BinaryLoad(TVedFile&, TLoadingTypeEnum, TSignalSlot*, int*, EventHandler*)
654914	/home/simon/Documents/jenkins/branchPillars/src/datastruct/binaryProjectReader.cpp	910	!it->GetId().IsEmpty()	TVisionaire::BinaryLoad(TVedFile&, TLoadingTypeEnum, TSignalSlot*, int*, EventHandler*)
655135	/home/simon/Documents/jenkins/branchPillars/src/datastruct/binaryProjectReader.cpp	1169	false	TVisionaire::BinaryLoad(TVedFile&, TLoadingTypeEnum, TSignalSlot*, int*, EventHandler*)
655212	/home/simon/Documents/jenkins/branchPillars/src/datastruct/binaryProjectReader.cpp	1015	false	TVisionaire::BinaryLoad(TVedFile&, TLoadingTypeEnum, TSignalSlot*, int*, EventHandler*)
655431	/home/simon/Documents/jenkins/branchPillars/src/datastruct/binaryProjectReader.cpp	620	MainObject->IsEmpty() == false	TVisionaire::BinarySave(wxFileName const&, EventHandler*, bool, TProjectFileWriter*)
655543	/home/simon/Documents/jenkins/branchPillars/src/datastruct/binaryProjectReader.cpp	645	false	TVisionaire::BinarySave(wxFileName const&, EventHandler*, bool, TProjectFileWriter*)
656982	/home/simon/Documents/jenkins/branchPillars/src/datastruct/binaryProjectReader.cpp	698	false	TVisionaire::BinarySave(wxFileName const&, EventHandler*, bool, TProjectFileWriter*)
656993	/home/simon/Documents/jenkins/branchPillars/src/datastruct/binaryProjectReader.cpp	656	false	TVisionaire::BinarySave(wxFileName const&, EventHandler*, bool, TProjectFileWriter*)
661556	/home/simon/Documents/jenkins/branchPillars/src/datastruct/table.cpp	320	false	TTable::GetActiveObject(TId const&)
661920	/home/simon/Documents/jenkins/branchPillars/src/datastruct/table.cpp	406	obj != NULL	TTable::MoveOrderFirst(TVisionaireObject const*)
661959	/home/simon/Documents/jenkins/branchPillars/src/datastruct/table.cpp	438	false	TTable::MoveOrderFirst(TVisionaireObject const*)
662069	/home/simon/Documents/jenkins/branchPillars/src/datastruct/table.cpp	449	obj != NULL	TTable::MoveOrderLast(TVisionaireObject const*)
662107	/home/simon/Documents/jenkins/branchPillars/src/datastruct/table.cpp	485	false	TTable::MoveOrderLast(TVisionaireObject const*)
662221	/home/simon/Documents/jenkins/branchPillars/src/datastruct/table.cpp	491	obj != NULL	TTable::MoveOrderUp(TVisionaireObject const*)
662265	/home/simon/Documents/jenkins/branchPillars/src/datastruct/table.cpp	519	false	TTable::MoveOrderUp(TVisionaireObject const*)
662411	/home/simon/Documents/jenkins/branchPillars/src/datastruct/table.cpp	525	obj != NULL	TTable::MoveOrderDown(TVisionaireObject const*)
662455	/home/simon/Documents/jenkins/branchPillars/src/datastruct/table.cpp	553	false	TTable::MoveOrderDown(TVisionaireObject const*)
662862	/home/simon/Documents/jenkins/branchPillars/src/datastruct/table.cpp	801	obj != NULL	TTable::RemoveObject(TVisionaireObject*)
663057	/home/simon/Documents/jenkins/branchPillars/src/datastruct/table.cpp	840	ObjectsHash.size() == Objects.size()	TTable::RemoveObject(TVisionaireObject*)
663221	/home/simon/Documents/jenkins/branchPillars/src/datastruct/table.cpp	833	ObjectsHash.size() == Objects.size()	TTable::RemoveObject(TVisionaireObject*)
663337	/home/simon/Documents/jenkins/branchPillars/src/datastruct/table.cpp	966	!(*node)->IsEmpty()	TTable::Serialize(TProjectFileWriter&)
664054	/home/simon/Documents/jenkins/branchPillars/src/datastruct/table.cpp	1113	pastedObj->GetOrder() == -1	TTable::ImportNewObjects(TVisionaire const&, TTable*)
664064	/home/simon/Documents/jenkins/branchPillars/src/datastruct/table.cpp	1116	parent != NULL	TTable::ImportNewObjects(TVisionaire const&, TTable*)
664106	/home/simon/Documents/jenkins/branchPillars/src/datastruct/table.cpp	1143	pastedObj->GetOrder() != -1	TTable::ImportNewObjects(TVisionaire const&, TTable*)
664544	/home/simon/Documents/jenkins/branchPillars/src/datastruct/table.cpp	1312	obj != NULL	TTable::FixOrderOfImportedObject(TVisionaireObject*)
664671	/home/simon/Documents/jenkins/branchPillars/src/datastruct/table.cpp	1367	false	TTable::FixOrderOfImportedObject(TVisionaireObject*)
665282	/home/simon/Documents/jenkins/branchPillars/src/datastruct/table.cpp	1289	!(*node)->Data->IsOrderContainsPosition()	TTable::EndPaste()
665298	/home/simon/Documents/jenkins/branchPillars/src/datastruct/table.cpp	1300	false	TTable::EndPaste()
665546	/home/simon/Documents/jenkins/branchPillars/src/datastruct/table.cpp	1221	srcObj != NULL	TTable::PasteObject(TVisionaireObject const*, TId const&, int)
665759	/home/simon/Documents/jenkins/branchPillars/src/datastruct/table.cpp	1224	false	TTable::PasteObject(TVisionaireObject const*, TId const&, int)
665971	/home/simon/Documents/jenkins/branchPillars/src/datastruct/table.cpp	650	ObjectsHash.size() == Objects.size()	TTable::CreateObject(TVisionaireObject*, int, bool)
666450	/home/simon/Documents/jenkins/branchPillars/src/datastruct/table.cpp	676	false	TTable::CreateActiveObject(TId const&)
666569	/home/simon/Documents/jenkins/branchPillars/src/datastruct/table.cpp	700	false	TTable::CreateObjectWithId(TId const&, int)
666993	/home/simon/Documents/jenkins/branchPillars/src/datastruct/table.cpp	752	false	TTable::CreateObjectWithId(TId const&, int)
667224	/home/simon/Documents/jenkins/branchPillars/src/datastruct/table.cpp	864	obj != NULL	TTable::ObjectNameChanged(TVisionaireObject const*, int)
667333	/home/simon/Documents/jenkins/branchPillars/src/datastruct/table.cpp	910	namedObjRemoved	TTable::ObjectNameChanged(TVisionaireObject const*, int)
667414	/home/simon/Documents/jenkins/branchPillars/src/datastruct/table.cpp	894	false	TTable::ObjectNameChanged(TVisionaireObject const*, int)
668613	/home/simon/Documents/jenkins/branchPillars/src/datastruct/type.cpp	34	!(savegame == t_SAVEGAME && (versionIn > 1 || versionOut > -1))	TTypeData::TTypeData(int, eTypeData, eSaveGame, int, int, int, int)
671126	/home/simon/Documents/jenkins/branchPillars/src/graphicslib/subsystemGL.cpp	999	false	TFramebufferGL::CreateMultisampled(bool, bool, int, int)
674230	/home/simon/Documents/jenkins/branchPillars/src/graphicslib/subsystemGL.cpp	1097	m_id != -1	TFramebufferGL::BindTexture(int)
674803	/home/simon/Documents/jenkins/branchPillars/src/graphicslib/subsystemGL.cpp	1105	m_id != -1	TFramebufferGL::BindDepthTexture(int)
675085	/home/simon/Documents/jenkins/branchPillars/src/graphicslib/subsystemGL.cpp	1114	m_id != -1	TFramebufferGL::ResolveTo(TFramebuffer*)
675362	/home/simon/Documents/jenkins/branchPillars/src/graphicslib/subsystemGL.cpp	1088	m_id!=-1	TFramebufferGL::Bind()
676196	/home/simon/Documents/jenkins/branchPillars/src/graphicslib/subsystemGL.cpp	1080	false	TFramebufferGL::Create(bool, bool, bool, int, int)
707702	/home/simon/Documents/jenkins/branchPillars/src/graphicslib/graphicsOGL.cpp	2551	m_drawValid	TGraphicsOGL::Swap()
707770	/home/simon/Documents/jenkins/branchPillars/src/graphicslib/graphicsOGL.cpp	3337	m_drawValid	TGraphicsOGL::DrawAVIFrame(void*, char*, float, float, float, float, wxColour)
708100	/home/simon/Documents/jenkins/branchPillars/src/graphicslib/graphicsOGL.cpp	1728	m_drawValid	TGraphicsOGL::DrawLineStrip(std::vector<wxPoint, std::allocator<wxPoint> > const&, unsigned int, float) const
708177	/home/simon/Documents/jenkins/branchPillars/src/graphicslib/graphicsOGL.cpp	2988	m_drawValid	TGraphicsOGL::Draw(TParticleSystem&, bool, bool)
708349	/home/simon/Documents/jenkins/branchPillars/src/graphicslib/graphicsOGL.cpp	1621	m_drawValid	TGraphicsOGL::DrawFrame(wxRect const&, unsigned int, float) const
708740	/home/simon/Documents/jenkins/branchPillars/src/graphicslib/graphicsOGL.cpp	1537	m_drawValid	TGraphicsOGL::DrawBox(wxRect const&, unsigned int, unsigned int, float, float) const
708915	/home/simon/Documents/jenkins/branchPillars/src/graphicslib/graphicsOGL.cpp	1451	m_drawValid	TGraphicsOGL::DrawBox(wxRect const&, unsigned int, float) const
709367	/home/simon/Documents/jenkins/branchPillars/src/graphicslib/graphicsOGL.cpp	1272	false	TGraphicsOGL::GetTextureIndex(TSpriteHandle*)
710249	/home/simon/Documents/jenkins/branchPillars/src/graphicslib/graphicsOGL.cpp	1322	false	TGraphicsOGL::GetSnapshot(TPictureIO&)
710400	/home/simon/Documents/jenkins/branchPillars/src/graphicslib/graphicsOGL.cpp	1322	false	TGraphicsOGL::GetSnapshotAsSprite(void**)
710522	/home/simon/Documents/jenkins/branchPillars/src/graphicslib/graphicsOGL.cpp	1322	false	TGraphicsOGL::MakeSnapshotForSavegame(bool)
711031	/home/simon/Documents/jenkins/branchPillars/src/graphicslib/graphicsOGL.cpp	3242	m_drawValid	TGraphicsOGL::ConvertYUVToRGBA(void*, char*)
713430	/home/simon/Documents/jenkins/branchPillars/src/graphicslib/graphicsOGL.cpp	1322	false	TGraphicsOGL::GetSnapshot(int&, int&, bool)
713669	/home/simon/Documents/jenkins/branchPillars/src/graphicslib/graphicsOGL.cpp	1566	m_drawValid	TGraphicsOGL::DrawBoxPremultiplied(float, float, float, float, unsigned int, float) const
713814	/home/simon/Documents/jenkins/branchPillars/src/graphicslib/graphicsOGL.cpp	1591	m_drawValid	TGraphicsOGL::DrawBox(float, float, float, float, unsigned int, float) const
714889	/home/simon/Documents/jenkins/branchPillars/src/graphicslib/graphicsOGL.cpp	1670	m_drawValid	TGraphicsOGL::DrawLine(wxPoint const&, wxPoint const&, unsigned int, float) const
715435	/home/simon/Documents/jenkins/branchPillars/src/graphicslib/graphicsOGL.cpp	889	m_drawValid	TGraphicsOGL::Draw(void*, wxRect const&, FloatRect const&, float, bool, unsigned int const&, int, float, wxPoint const&, float, float, int)
716923	/home/simon/Documents/jenkins/branchPillars/src/graphicslib/graphicsOGL.cpp	1745	m_drawValid	TGraphicsOGL::DrawPolygon(std::vector<wxPoint, std::allocator<wxPoint> > const&, unsigned int, float) const
718166	/home/simon/Documents/jenkins/branchPillars/src/graphicslib/graphicsOGL.cpp	2389	m_drawValid	TGraphicsOGL::AfterDrawScene(bool, bool)
719209	/home/simon/Documents/jenkins/branchPillars/src/graphicslib/graphicsOGL.cpp	2652	m_drawValid	TGraphicsOGL::Draw(TParticleEmitter&, void*, bool, TVector3D&, TVector3D&)
719974	/home/simon/Documents/jenkins/branchPillars/src/graphicslib/graphicsOGL.cpp	2706	false	TGraphicsOGL::Draw(TParticleEmitter&, void*, bool, TVector3D&, TVector3D&)
751344	/home/simon/Documents/jenkins/branchPillars/src/graphicslib/sprite_cache.cpp	179	!m_vFifo.empty()	TSpriteCache::UpdateCache()
751427	/home/simon/Documents/jenkins/branchPillars/src/graphicslib/sprite_cache.cpp	205	false	TSpriteCache::UpdateCache()
751492	/home/simon/Documents/jenkins/branchPillars/src/graphicslib/sprite_cache.cpp	214	cacheSizeUnusedSprites <= m_cacheLimitFull	TSpriteCache::UpdateCache()
763986	/home/simon/Documents/jenkins/branchPillars/src/graphicslib/graphics.cpp	520	false	TGraphicsInterface::FadeIn(TFadeEnum, int, void*, void*, TSignalSlot*, TSignalSlot*)
764170	/home/simon/Documents/jenkins/branchPillars/src/graphicslib/graphics.cpp	681	false	TGraphicsInterface::FadeIn(TFadeEnum, int, void*, void*, TSignalSlot*, TSignalSlot*)
771558	/home/simon/Documents/jenkins/branchPillars/src/graphicslib/texture.cpp	63	m_pParent == NULL	TCutRect::TCutRect(TRect const&, int, int, TCutRect*)
771618	/home/simon/Documents/jenkins/branchPillars/src/graphicslib/texture.cpp	63	m_pParent == NULL	TCutRect::Cut(int, int)
772114	/home/simon/Documents/jenkins/branchPillars/src/graphicslib/texture.cpp	228	s_bestFitRect != NULL && s_bestFitRectUsedFlag != 0	TCutRect::CutBestFit(int, int)
772157	/home/simon/Documents/jenkins/branchPillars/src/graphicslib/texture.cpp	63	m_pParent == NULL	TCutRect::CutBestFit(int, int)
772198	/home/simon/Documents/jenkins/branchPillars/src/graphicslib/texture.cpp	309	i < 4	TCutRect::CutBestFit(int, int)
772465	/home/simon/Documents/jenkins/branchPillars/src/graphicslib/texture.cpp	364	i < 4	TCutRect::FreeRectClearFlag(TRect const&)
776629	/home/simon/Documents/jenkins/branchPillars/src/graphicslib/texture.cpp	606	textures[handle.texture]->lpTexture != NULL	TGraphicsInterface::FreeSpritePart(TSpritePartHandle&)
778512	/home/simon/Documents/jenkins/branchPillars/src/graphicslib/texture.cpp	1120	false	TGraphicsInterface::FindSprite(int, int, int, TSpriteHandle*, bool, char const*)
779561	/home/simon/Documents/jenkins/branchPillars/src/graphicslib/texture.cpp	573	false	TGraphicsInterface::FindSpritePart(int, int, int, bool)
780590	/home/simon/Documents/jenkins/branchPillars/src/graphicslib/preloadedPicManager.cpp	151	removedFromQueue	TPreloadedPicManager::StopPreloading(TPictureIO*)
780649	/home/simon/Documents/jenkins/branchPillars/src/graphicslib/preloadedPicManager.cpp	121	removedFromQueue	TPreloadedPicManager::StopPreloading(TPictureIO*)
781444	/home/simon/Documents/jenkins/branchPillars/src/graphicslib/preloadedPicManager.cpp	193	removedFromQueue	TPreloadedPicManager::StopPreloading(std::vector<TPictureIO*, std::allocator<TPictureIO*> >&)
785976	/home/simon/Documents/jenkins/branchPillars/src/graphicslib/picture.cpp	159	false	TPictureIO::operator=(TPictureIO const&)
787137	/home/simon/Documents/jenkins/branchPillars/src/graphicslib/picture.cpp	460	m_pSprite != NULL	TPictureIO::CreateSprite(bool)
787934	/home/simon/Documents/jenkins/branchPillars/src/graphicslib/picture.cpp	654	format != NULL	TPictureIO::ReadPictureFile()
788900	/home/simon/Documents/jenkins/branchPillars/src/graphicslib/picture.cpp	914	s_pPaintControl != NULL	TPictureIO::PreparePaint(wxRect&, FloatRect&)
789262	/home/simon/Documents/jenkins/branchPillars/src/graphicslib/picture.cpp	1107	m_pSprite != NULL	TPictureIO::CreateEmptySprite(int, int, int, bool)
789437	/home/simon/Documents/jenkins/branchPillars/src/graphicslib/picture.cpp	542	m_preloadFile != NULL	TPictureIO::PreparePreloaderLoad(wxFileName)
789593	/home/simon/Documents/jenkins/branchPillars/src/graphicslib/picture.cpp	550	m_preloadFormat != NULL	TPictureIO::PreparePreloaderLoad(wxFileName)
790501	/home/simon/Documents/jenkins/branchPillars/src/graphicslib/picture.cpp	460	m_pSprite != NULL	TPictureIO::RefreshSprite(bool)
1061357	/home/simon/Documents/jenkins/branchPillars/src/mmedialib/movie_ffmpeg.cpp	2326	false	alloc_picture(VideoState*)
1088788	/home/simon/Documents/jenkins/branchPillars/src/mmedialib/audiobusses.cpp	336	false	soundengine::AudioBufferFactory::FreeBuffer(TMemoryFile*)
1103129	/home/simon/Documents/jenkins/branchPillars/src/mmedialib/soundBase.cpp	475	m_eSoundFade == eFadeNo	TSoundBase::StartSoundFade(TFadeEnum, int, bool)
1106544	/home/simon/Documents/jenkins/branchPillars/src/mmedialib/sound.cpp	119	false	TSoundInterface::Signal(TSignalData const&, TSignalData&)
1107225	/home/simon/Documents/jenkins/branchPillars/src/mmedialib/sound.cpp	365	false	TSoundInterface::AdjustToGeneralVolume(int, TSoundTypeEnum) const
1375315	/home/simon/Documents/jenkins/branchPillars/src/vscommon/geometry.cpp	171	false	GetPointFromPolygon(TPolygonList const&, int, int)
1375572	/home/simon/Documents/jenkins/branchPillars/src/vscommon/geometry.cpp	273	false	GetBoundingBox(std::vector<wxPoint, std::allocator<wxPoint> > const&)
1382869	/home/simon/Documents/jenkins/branchPillars/src/vscommon/canimation.cpp	582	m_pSprite != NULL	TCAnimation::GetCurrentSpritePosition() const
1385326	/home/simon/Documents/jenkins/branchPillars/src/vscommon/objAccess.cpp	115		GetTypeGroup(eVisionaireTable)
1389702	/home/simon/Documents/jenkins/branchPillars/src/vscommon/fontManager.cpp	75	false	TFontManager::Signal(TSignalData const&, TSignalData&)
1392217	/home/simon/Documents/jenkins/branchPillars/src/vscommon/cfont.cpp	683	false	TCFont::GetTextStartPos(TextAlignmentEnum, int, int, int)
1396368	/home/simon/Documents/jenkins/branchPillars/src/vscommon/cfont.cpp	683	false	TCFont::PrintText(wxString const&, TextAlignmentEnum, wxPoint const&, float, int, GLCharBuffer*)
1396418	/home/simon/Documents/jenkins/branchPillars/src/vscommon/cfont.cpp	345	eAlignment == eAlignLeft	TCFont::PrintText(wxString const&, TextAlignmentEnum, wxPoint const&, float, int, GLCharBuffer*)
1396831	/home/simon/Documents/jenkins/branchPillars/src/vscommon/cfont.cpp	683	false	TCFont::PrintText(wxString const&, TextAlignmentEnum, wxPoint const&, float, int, GLCharBuffer*)
1397313	/home/simon/Documents/jenkins/branchPillars/src/vscommon/cfont.cpp	683	false	TCFont::PrintTextLines(std::list<wxString, std::allocator<wxString> > const&, std::vector<int, std::allocator<int> > const&, TextAlignmentEnum, wxPoint const&, float, int, bool, std::vector<GLCharBuffer*, std::allocator<GLCharBuffer*> >*)
1397750	/home/simon/Documents/jenkins/branchPillars/src/vscommon/cfont.cpp	683	false	TCFont::PrintTextLines(std::list<wxString, std::allocator<wxString> > const&, std::vector<int, std::allocator<int> > const&, TextAlignmentEnum, wxPoint const&, float, int, bool, std::vector<GLCharBuffer*, std::allocator<GLCharBuffer*> >*)
1407571	/home/simon/Documents/jenkins/branchPillars/src/vscommon/scripting/visLua.cpp	533	false	LuaExecuteFunction(std::basic_string<char, std::char_traits<char>, std::allocator<char> > const&, std::vector<TArgument*, std::allocator<TArgument*> >&, std::vector<TArgument*, std::allocator<TArgument*> >&)
1407652	/home/simon/Documents/jenkins/branchPillars/src/vscommon/scripting/visLua.cpp	537		LuaExecuteFunction(std::basic_string<char, std::char_traits<char>, std::allocator<char> > const&, std::vector<TArgument*, std::allocator<TArgument*> >&, std::vector<TArgument*, std::allocator<TArgument*> >&)
1408091	/home/simon/Documents/jenkins/branchPillars/src/vscommon/scripting/visLua.cpp	384	false	LuaExecuteFunction(std::basic_string<char, std::char_traits<char>, std::allocator<char> > const&, std::vector<TArgument*, std::allocator<TArgument*> >&, std::vector<TArgument*, std::allocator<TArgument*> >&)
1413465	/home/simon/Documents/jenkins/branchPillars/src/vscommon/scripting/argumentSyntax.cpp	131	arg != A_NONE	TArgSyntax::AddArg(TArgType, bool)
1413631	/home/simon/Documents/jenkins/branchPillars/src/vscommon/scripting/argumentSyntax.cpp	96	argType != A_NONE	TArgSyntax::AddFlag(wxString const&, wxString const&, TArgType, bool)
1421278	/home/simon/Documents/jenkins/branchPillars/src/vscommon/scripting/visionaireobjectLua.cpp	128	lua_gettop(L) == 0	luaopen_ExportTables(lua_State*)
1421393	/home/simon/Documents/jenkins/branchPillars/src/vscommon/scripting/visionaireobjectLua.cpp	170	lua_gettop(L) == 0	luaopen_ExportTables(lua_State*)
1422573	/home/simon/Documents/jenkins/branchPillars/src/vscommon/scripting/visionaireobjectLua.cpp	1019	fieldID != -1	getFieldFromString(LuaVisionaireObject*, char const*)
1432906	/home/simon/Documents/jenkins/branchPillars/src/vscommon/scripting/argumentParser.cpp	212	Syntax != NULL	TArgParser::FindFlagArgument(wxString) const
1435777	/home/simon/Documents/jenkins/branchPillars/src/vscommon/scripting/argument.cpp	172	false	TArgument::SetType(TArgType)
1440112	/home/simon/Documents/jenkins/branchPillars/src/vscommon/scripting/command.cpp	47	Game == NULL	InitCommands(TVisionaireGame*, wxString const&, wxString, wxString)
1441814	/home/simon/Documents/jenkins/branchPillars/src/vscommon/scripting/command.cpp	361	cmd->GroupMarker != TCommand::grpEnd	CloseOpenedCmdGroup()
1441831	/home/simon/Documents/jenkins/branchPillars/src/vscommon/scripting/command.cpp	364	i >= 0	CloseOpenedCmdGroup()
1441845	/home/simon/Documents/jenkins/branchPillars/src/vscommon/scripting/command.cpp	368	false	CloseOpenedCmdGroup()
1441921	/home/simon/Documents/jenkins/branchPillars/src/vscommon/scripting/command.cpp	152	LastDone == Queue.size()-1	TCommandQueue::AddCommand(TCommand*)
1446121	/home/simon/Documents/jenkins/branchPillars/src/vstables/action_part.cpp	114	obj != NULL	TTActionPart::GetNameInList(TVisionaireObject const*)
1454575	/home/simon/Documents/jenkins/branchPillars/src/vstables/text.cpp	114	false	TTText::GetTextLanguage() const
1457338	/home/simon/Documents/jenkins/branchPillars/src/vstables/text.cpp	135	false	TTText::GetTextLanguage(int) const
1458812	/home/simon/Documents/jenkins/branchPillars/src/vstables/text.cpp	579	false	TSText::CalculateCurrentText()
1460370	/home/simon/Documents/jenkins/branchPillars/src/vstables/text.cpp	520	false	TSText::SetTextIntern(TextOutputEnum, int)
1460837	/home/simon/Documents/jenkins/branchPillars/src/vstables/text.cpp	156	false	TTText::GetTextLanguageOrCreate(int)
1516652	/home/simon/Documents/jenkins/branchPillars/src/vstables/visionaireGame.cpp	2269	false	TVisionaireGame::UpdateVersion(int, bool)
1516909	/home/simon/Documents/jenkins/branchPillars/src/vstables/visionaireGame.cpp	2302	false	TVisionaireGame::UpdateVersion(int, bool)
1517103	/home/simon/Documents/jenkins/branchPillars/src/vstables/visionaireGame.cpp	2333	false	TVisionaireGame::UpdateVersion(int, bool)
1517552	/home/simon/Documents/jenkins/branchPillars/src/vstables/visionaireGame.cpp	2427	false	TVisionaireGame::UpdateVersion(int, bool)
1517563	/home/simon/Documents/jenkins/branchPillars/src/vstables/visionaireGame.cpp	2363	false	TVisionaireGame::UpdateVersion(int, bool)
1517574	/home/simon/Documents/jenkins/branchPillars/src/vstables/visionaireGame.cpp	2407	false	TVisionaireGame::UpdateVersion(int, bool)
1517585	/home/simon/Documents/jenkins/branchPillars/src/vstables/visionaireGame.cpp	2383	false	TVisionaireGame::UpdateVersion(int, bool)
1517758	/home/simon/Documents/jenkins/branchPillars/src/vstables/visionaireGame.cpp	2459	false	TVisionaireGame::UpdateVersion(int, bool)
1517982	/home/simon/Documents/jenkins/branchPillars/src/vstables/visionaireGame.cpp	2491	false	TVisionaireGame::UpdateVersion(int, bool)
1518191	/home/simon/Documents/jenkins/branchPillars/src/vstables/visionaireGame.cpp	2529	false	TVisionaireGame::UpdateVersion(int, bool)
1519802	/home/simon/Documents/jenkins/branchPillars/src/vstables/visionaireGame.cpp	2072	!mirroredStandingAnim.IsEmpty()	TVisionaireGame::UpdateVersion(int, bool)
1523685	/home/simon/Documents/jenkins/branchPillars/src/vstables/visionaireGame.cpp	1207	false	TVisionaireGame::LoadDataGame(wxFileName const&, wxString const&, TLoadingTypeEnum, bool, TSignalSlot*, EventHandler*)
1526721	/home/simon/Documents/jenkins/branchPillars/src/vstables/visionaireClipboard.cpp	204	!(*it)->GetId().IsEmpty()	TVisionaireClipboard::RestoreFromUndo(TId const&, TVisionaire*)
1526831	/home/simon/Documents/jenkins/branchPillars/src/vstables/visionaireClipboard.cpp	226	false	TVisionaireClipboard::RestoreFromUndo(TId const&, TVisionaire*)
1526843	/home/simon/Documents/jenkins/branchPillars/src/vstables/visionaireClipboard.cpp	223	false	TVisionaireClipboard::RestoreFromUndo(TId const&, TVisionaire*)
1526995	/home/simon/Documents/jenkins/branchPillars/src/vstables/visionaireClipboard.cpp	249	objectFound	TVisionaireClipboard::RemoveFromUndo(TId const&)
1527349	/home/simon/Documents/jenkins/branchPillars/src/vstables/visionaireClipboard.cpp	292	pasteToTypeGroup	TVisionaireClipboard::PasteFromClipboard(TVisionaire&, TVisObjRef&, int, TVList&) const
1527362	/home/simon/Documents/jenkins/branchPillars/src/vstables/visionaireClipboard.cpp	296	pasteToTypeData	TVisionaireClipboard::PasteFromClipboard(TVisionaire&, TVisObjRef&, int, TVList&) const
1554287	/home/simon/Documents/jenkins/branchPillars/src/guilib/gui.cpp	1389	s.x != 0 && s.y != 0	Sizer::SetMaxSize(guisize const&)
1642976	/home/simon/Documents/jenkins/branchPillars/src/guilib/textedit.cpp	1396	false	editor_newindex(lua_State*)
1642995	/home/simon/Documents/jenkins/branchPillars/src/guilib/textedit.cpp	1365	false	editor_newindex(lua_State*)
1643042	/home/simon/Documents/jenkins/branchPillars/src/guilib/textedit.cpp	1355	false	editor_newindex(lua_State*)
2987247	/home/simon/Documents/jenkins/branchPillars/src/baselib/sort.cpp	89	maxused <= Size	RadixSort::Resize(unsigned int, unsigned int, unsigned int)
2987362	/home/simon/Documents/jenkins/branchPillars/src/baselib/sort.cpp	89	maxused <= Size	RadixSort::Grow(unsigned int, unsigned int, unsigned int)
2987415	/home/simon/Documents/jenkins/branchPillars/src/baselib/sort.cpp	89	maxused <= Size	RadixSort::ResetIndices(unsigned int)
2987487	/home/simon/Documents/jenkins/branchPillars/src/baselib/sort.cpp	89	maxused <= Size	RadixSort::Sort(float const*, unsigned int)
