original_file	assert_count	distinct_functions	sample_functions
/home/simon/Documents/jenkins/branchPillars/src/baselib/composedfile.cpp	1	1	TComposedFile::GetComposedFileExtension() const
/home/simon/Documents/jenkins/branchPillars/src/baselib/file.cpp	2	2	TFile::PasteFile(wxFileName const&, wxString const&, long, unsigned long&) | TFile::ReadToBuf(TMemoryBuffer&, unsigned long)
/home/simon/Documents/jenkins/branchPillars/src/baselib/md5.cpp	6	5	ManipulateForMD5(char*) | md5::Decode(unsigned int*, unsigned char*, unsigned int) | md5::Encode(unsigned char*, unsigned int*, unsigned int) | md5::Finalize() | md5::Transform(unsigned char*)
/home/simon/Documents/jenkins/branchPillars/src/baselib/memfile.cpp	1	1	TMemoryFile::GetBuffer()
/home/simon/Documents/jenkins/branchPillars/src/baselib/sort.cpp	4	4	RadixSort::Grow(unsigned int, unsigned int, unsigned int) | RadixSort::ResetIndices(unsigned int) | RadixSort::Resize(unsigned int, unsigned int, unsigned int) | RadixSort::Sort(float const*, unsigned int)
/home/simon/Documents/jenkins/branchPillars/src/baselib/xmlCommon.cpp	1	1	ConvertToBool(char const*, char const*)
/home/simon/Documents/jenkins/branchPillars/src/baselib/xmlWriter.cpp	4	4	TXMLWriter::AddContent(wxString const&) | TXMLWriter::FinishTag(int) | TXMLWriter::FinishTagS(char const*) | TXMLWriter::StartTagS(char const*)
/home/simon/Documents/jenkins/branchPillars/src/datastruct/binaryProjectReader.cpp	10	4	TVisionaire::BinaryLoad(TVedFile&, TLoadingTypeEnum, TSignalSlot*, int*, EventHandler*) | TVisionaire::BinarySave(wxFileName const&, EventHandler*, bool, TProjectFileWriter*) | _Z10saveObjectP8_IO_FILEPvi_constprop_175 | saveObject(_IO_FILE*, void*, int)
/home/simon/Documents/jenkins/branchPillars/src/datastruct/data.cpp	89	30	GetRefBool(void const*) | GetRefFloat(void const*) | GetRefInt(void const*) | GetRefLink(void const*) | GetRefLinks(void const*)
/home/simon/Documents/jenkins/branchPillars/src/datastruct/datagrp.cpp	10	8	TDataGroup::CreateTempData() | TDataGroup::ForEachCall(eActivity, void*, void*) | TDataGroup::GetValue(int, eTypeData) const | TDataGroup::SetLink(int, TId const&, bool, bool) | TDataGroup::SetValue(int, void const*, eTypeData, TSendEventEnum)
/home/simon/Documents/jenkins/branchPillars/src/datastruct/table.cpp	29	15	TTable::CreateActiveObject(TId const&) | TTable::CreateObject(TVisionaireObject*, int, bool) | TTable::CreateObjectWithId(TId const&, int) | TTable::EndPaste() | TTable::FixOrderOfImportedObject(TVisionaireObject*)
/home/simon/Documents/jenkins/branchPillars/src/datastruct/typegrp.cpp	7	5	TTypeGroup::AddType(TTypeData const&) | TTypeGroup::GetType(int, bool) const | TTypeGroup::GetTypeData(int) const | TTypeGroup::TTypeGroup(TTypeGroup const&) | TTypeGroup::operator=(TTypeGroup const&)
/home/simon/Documents/jenkins/branchPillars/src/datastruct/visionaire.cpp	40	25	ScrambledSorting(TTable*, TTable*) | TVisionaire::AddLink(TId const&, TId const&, int, bool) | TVisionaire::AddTable(int, int, wxString const&, wxString const&, wxString const&, TTypeGroup const&, int, bool) | TVisionaire::ChangeOrder(TVisObjRef const&, TMoveOrderEnum) | TVisionaire::Clear()
/home/simon/Documents/jenkins/branchPillars/src/datastruct/visionaireobject.cpp	25	22	TVList::clear() | TVList::copy(TVList const&) | TVList::erase(__gnu_cxx::__normal_iterator<TVisionaireObject**, std::vector<TVisionaireObject*, std::allocator<TVisionaireObject*> > >) | TVList::insert(__gnu_cxx::__normal_iterator<TVisionaireObject**, std::vector<TVisionaireObject*, std::allocator<TVisionaireObject*> > >, TVisObjRef const&) | TVList::operator=(TVList const&)
/home/simon/Documents/jenkins/branchPillars/src/datastruct/visobjref.cpp	1	1	TVisObjRef::GetVisionaire() const
/home/simon/Documents/jenkins/branchPillars/src/datastruct/xmlProjectReader.cpp	19	2	TXMLProjectReader::ReadXMLDoc(TVedFile&, wxString const&, eXMLNamesIntern, TLoadingTypeEnum, int*, TSignalSlot*, EventHandler*, int) | TXMLProjectReader::parseNodes(rapidxml::xml_node<char>*, UserData*)
/home/simon/Documents/jenkins/branchPillars/src/graphicslib/graphics.cpp	2	1	TGraphicsInterface::FadeIn(TFadeEnum, int, void*, void*, TSignalSlot*, TSignalSlot*)
/home/simon/Documents/jenkins/branchPillars/src/graphicslib/graphicsOGL.cpp	21	20	TGraphicsOGL::AfterDrawScene(bool, bool) | TGraphicsOGL::ConvertYUVToRGBA(void*, char*) | TGraphicsOGL::Draw(TParticleEmitter&, void*, bool, TVector3D&, TVector3D&) | TGraphicsOGL::Draw(TParticleSystem&, bool, bool) | TGraphicsOGL::Draw(void*, wxRect const&, FloatRect const&, float, bool, unsigned int const&, int, float, wxPoint const&, float, float, int)
/home/simon/Documents/jenkins/branchPillars/src/graphicslib/picture.cpp	8	7	TPictureIO::CreateEmptySprite(int, int, int, bool) | TPictureIO::CreateSprite(bool) | TPictureIO::PreparePaint(wxRect&, FloatRect&) | TPictureIO::PreparePreloaderLoad(wxFileName) | TPictureIO::ReadPictureFile()
/home/simon/Documents/jenkins/branchPillars/src/graphicslib/preloadedPicManager.cpp	3	2	TPreloadedPicManager::StopPreloading(TPictureIO*) | TPreloadedPicManager::StopPreloading(std::vector<TPictureIO*, std::allocator<TPictureIO*> >&)
/home/simon/Documents/jenkins/branchPillars/src/graphicslib/sprite_cache.cpp	3	1	TSpriteCache::UpdateCache()
/home/simon/Documents/jenkins/branchPillars/src/graphicslib/subsystemGL.cpp	6	6	TFramebufferGL::Bind() | TFramebufferGL::BindDepthTexture(int) | TFramebufferGL::BindTexture(int) | TFramebufferGL::Create(bool, bool, bool, int, int) | TFramebufferGL::CreateMultisampled(bool, bool, int, int)
/home/simon/Documents/jenkins/branchPillars/src/graphicslib/texture.cpp	9	7	TCutRect::Cut(int, int) | TCutRect::CutBestFit(int, int) | TCutRect::FreeRectClearFlag(TRect const&) | TCutRect::TCutRect(TRect const&, int, int, TCutRect*) | TGraphicsInterface::FindSprite(int, int, int, TSpriteHandle*, bool, char const*)
/home/simon/Documents/jenkins/branchPillars/src/guilib/gui.cpp	1	1	Sizer::SetMaxSize(guisize const&)
/home/simon/Documents/jenkins/branchPillars/src/guilib/textedit.cpp	3	1	editor_newindex(lua_State*)
/home/simon/Documents/jenkins/branchPillars/src/mmedialib/audiobusses.cpp	1	1	soundengine::AudioBufferFactory::FreeBuffer(TMemoryFile*)
/home/simon/Documents/jenkins/branchPillars/src/mmedialib/sound.cpp	1	1	TSoundInterface::AdjustToGeneralVolume(int, TSoundTypeEnum) const
/home/simon/Documents/jenkins/branchPillars/src/mmedialib/soundBase.cpp	1	1	TSoundBase::StartSoundFade(TFadeEnum, int, bool)
/home/simon/Documents/jenkins/branchPillars/src/vscommon/canimation.cpp	1	1	TCAnimation::GetCurrentSpritePosition() const
/home/simon/Documents/jenkins/branchPillars/src/vscommon/cfont.cpp	6	3	TCFont::GetTextStartPos(TextAlignmentEnum, int, int, int) | TCFont::PrintText(wxString const&, TextAlignmentEnum, wxPoint const&, float, int, GLCharBuffer*) | TCFont::PrintTextLines(std::list<wxString, std::allocator<wxString> > const&, std::vector<int, std::allocator<int> > const&, TextAlignmentEnum, wxPoint const&, float, int, bool, std::vector<GLCharBuffer*, std::allocator<GLCharBuffer*> >*)
/home/simon/Documents/jenkins/branchPillars/src/vscommon/fontManager.cpp	1	1	TFontManager::Signal(TSignalData const&, TSignalData&)
/home/simon/Documents/jenkins/branchPillars/src/vscommon/geometry.cpp	2	2	GetBoundingBox(std::vector<wxPoint, std::allocator<wxPoint> > const&) | GetPointFromPolygon(TPolygonList const&, int, int)
/home/simon/Documents/jenkins/branchPillars/src/vscommon/objAccess.cpp	1	1	GetTypeGroup(eVisionaireTable)
/home/simon/Documents/jenkins/branchPillars/src/vscommon/scripting/argument.cpp	1	1	TArgument::SetType(TArgType)
/home/simon/Documents/jenkins/branchPillars/src/vscommon/scripting/argumentParser.cpp	1	1	TArgParser::FindFlagArgument(wxString) const
/home/simon/Documents/jenkins/branchPillars/src/vscommon/scripting/argumentSyntax.cpp	2	2	TArgSyntax::AddArg(TArgType, bool) | TArgSyntax::AddFlag(wxString const&, wxString const&, TArgType, bool)
/home/simon/Documents/jenkins/branchPillars/src/vscommon/scripting/command.cpp	3	3	CloseOpenedCmdGroup() | InitCommands(TVisionaireGame*, wxString const&, wxString, wxString) | TCommandQueue::AddCommand(TCommand*)
/home/simon/Documents/jenkins/branchPillars/src/vscommon/scripting/visLua.cpp	3	1	LuaExecuteFunction(std::basic_string<char, std::char_traits<char>, std::allocator<char> > const&, std::vector<TArgument*, std::allocator<TArgument*> >&, std::vector<TArgument*, std::allocator<TArgument*> >&)
/home/simon/Documents/jenkins/branchPillars/src/vscommon/scripting/visionaireobjectLua.cpp	2	2	getFieldFromString(LuaVisionaireObject*, char const*) | luaopen_ExportTables(lua_State*)
/home/simon/Documents/jenkins/branchPillars/src/vsplayer/actionGame.cpp	7	3	TGAction::DeleteFinishedActions() | TGAction::Execute(bool, t_SkipCutsceneInfo*) | TGAction::operator=(TVisObjRef&)
/home/simon/Documents/jenkins/branchPillars/src/vsplayer/characterManaged.cpp	1	1	TMCharacter::SetAnimation(TGAnimation*)
/home/simon/Documents/jenkins/branchPillars/src/vsplayer/console.cpp	1	1	TConsole::ParseObjectName(int)
/home/simon/Documents/jenkins/branchPillars/src/vsplayer/control/cursorControl.cpp	1	1	TCursorControl::AnimationStopped(TGAnimation*)
/home/simon/Documents/jenkins/branchPillars/src/vsplayer/control/gameControl.cpp	2	2	TGameControl::HandleMouseUp(wxPoint const&, TMouseMessageEnum) | TGameControl::SavegameExists(int)
/home/simon/Documents/jenkins/branchPillars/src/vsplayer/control/gameController.cpp	1	1	TGameController::RemoveGameController(int)
/home/simon/Documents/jenkins/branchPillars/src/vsplayer/control/loadingControl.cpp	1	1	TLoadingControl::UpdateStatus(int, int)
/home/simon/Documents/jenkins/branchPillars/src/vsplayer/interfaceGame.cpp	1	1	TGInterface::Draw()
/home/simon/Documents/jenkins/branchPillars/src/vsplayer/main/mainSDL.cpp	2	1	Init(wxString const&, wxSize&, wxSize&, int, char**, wxCmdLineParser&)
/home/simon/Documents/jenkins/branchPillars/src/vsplayer/managedObject.cpp	1	1	TManagedObject::SetText(TGText*)
/home/simon/Documents/jenkins/branchPillars/src/vsplayer/objectManaged.cpp	1	1	TMObject::SetActive(bool)
/home/simon/Documents/jenkins/branchPillars/src/vsplayer/scripting/scriptingutils.cpp	4	3	LoadGlobalScriptVariables(TVisionaireGame&) | SaveGlobalScriptVariables(TVisionaireGame&) | TraverseList(TVList const&, int, TVisionaireGame&)
/home/simon/Documents/jenkins/branchPillars/src/vstables/action_part.cpp	1	1	TTActionPart::GetNameInList(TVisionaireObject const*)
/home/simon/Documents/jenkins/branchPillars/src/vstables/text.cpp	5	5	TSText::CalculateCurrentText() | TSText::SetTextIntern(TextOutputEnum, int) | TTText::GetTextLanguage() const | TTText::GetTextLanguage(int) const | TTText::GetTextLanguageOrCreate(int)
/home/simon/Documents/jenkins/branchPillars/src/vstables/visionaireClipboard.cpp	6	3	TVisionaireClipboard::PasteFromClipboard(TVisionaire&, TVisObjRef&, int, TVList&) const | TVisionaireClipboard::RemoveFromUndo(TId const&) | TVisionaireClipboard::RestoreFromUndo(TId const&, TVisionaire*)
/home/simon/Documents/jenkins/branchPillars/src/vstables/visionaireGame.cpp	12	2	TVisionaireGame::LoadDataGame(wxFileName const&, wxString const&, TLoadingTypeEnum, bool, TSignalSlot*, EventHandler*) | TVisionaireGame::UpdateVersion(int, bool)
