id	hex	name	label	flag	function
1	0x1	x	dword_D6FF3C	None	amesInternEv
2	0x2	y	unk_D68CA0	None	amesInternEv
3	0x3	t	aT_263	None	amesInternEv
4	0x4	left	asc_D73164	None	amesInternEv
5	0x5	bottom	aB_45	None	amesInternEv
6	0x6	right	aR_148	None	amesInternEv
7	0x7	path	dword_D68B9C	None	amesInternEv
8	0x8	position	unk_D733F8	None	amesInternEv
9	0x9	cutting	unk_D73420	None	amesInternEv
10	0xA	transparent	unk_D73440	None	amesInternEv
11	0xB	areaInFront	unk_D73470	None	amesInternEv
12	0xC	name	dword_D68C34	None	amesInternEv
13	0xD	id	dword_D68D0C	None	amesInternEv
14	0xE	order	aO_225	None	amesInternEv
15	0xF	Link	asc_D731C4	None	amesInternEv
16	0x10	Links	asc_D731D8	None	amesInternEv
17	0x11	version	unk_D734A0	None	amesInternEv
18	0x12	newId	aN_213	None	amesInternEv
19	0x13	tableId	unk_D734C0	None	amesInternEv
20	0x14	field	asc_D73208	None	amesInternEv
21	0x15	parentLink	unk_D734E0	None	amesInternEv
22	0x16	rect	aR_151	None	amesInternEv
23	0x17	motiv	aM_38	None	amesInternEv
24	0x18	point	dword_D68C48	None	amesInternEv
25	0x19	string	aS_198	None	amesInternEv
26	0x1A	text	aT_271	None	amesInternEv
27	0x1B	int	unk_E36718	None	amesInternEv
28	0x1C	standing	unk_D73510	None	amesInternEv
29	0x1D	sprite	aS_199	None	amesInternEv
30	0x1E	spritepart	unk_D73538	None	amesInternEv
31	0x1F	spriteparts	unk_D73568	None	amesInternEv
32	0x20	pause	aP_65	None	amesInternEv
33	0x21	SaveGame	unk_D73598	None	amesInternEv
34	0x22	float	asc_D732B0	None	amesInternEv
35	0x23	SavedObject	unk_E2EE58	None	amesInternEv
36	0x24	LinkAny	unk_D735C0	None	amesInternEv
37	0x25	Clipboard	unk_D735E0	None	amesInternEv
38	0x26	ClipboardObjects	unk_D73608	None	amesInternEv
39	0x27	type	dword_D68A58	None	amesInternEv
40	0x28	Structures	unk_D73650	None	amesInternEv
41	0x29	Structure	unk_D73680	None	amesInternEv
42	0x2A	Attribute	unk_D736A8	None	amesInternEv
43	0x2B	Field	asc_D732C8	None	amesInternEv
44	0x2C	value	dword_D68B38	None	amesInternEv
45	0x2D	ValidLinks	unk_D736D0	None	amesInternEv
46	0x2E	tablecount	unk_D73700	None	amesInternEv
47	0x2F	ObjFilter	unk_D73730	None	amesInternEv
48	0x30	ObjFilterPair	unk_D73758	None	amesInternEv
49	0x31	ObjFilterArray	unk_D73790	None	amesInternEv
50	0x32	Transparency	unk_D737D0	None	amesInternEv
51	0x33	TranspColor	unk_D73808	None	amesInternEv
52	0x34	versionedId	unk_D73838	None	amesInternEv
53	0x35	projectType	unk_D73868	None	amesInternEv
54	0x36	revision	unk_D73898	None	amesInternEv
55	0x37	lastModified	unk_D738C0	None	amesInternEv
56	0x38	ClipboardParentTable	unk_D738F8	None	amesInternEv
57	0x39	ClipboardParentField	unk_D73950	None	amesInternEv
58	0x3A	Text	aT_275	None	amesInternEv
100	0x64	VisionaireAdventure	unk_E28D38	1	amesEv
101	0x65	Scenes	unk_E366AC	1	amesEv
102	0x66	Interfaces	unk_E2EC18	1	amesEv
103	0x67	Fonts	unk_E368C4	1	amesEv
104	0x68	Points	unk_E366C8	1	amesEv
105	0x69	Characters	unk_E28D88	1	amesEv
106	0x6A	Buttons	unk_E28DB8	1	amesEv
107	0x6B	Objects	unk_D3AD08	1	amesEv
108	0x6C	Actions	unk_E32840	1	amesEv
109	0x6D	ActionParts	unk_E296B0	1	amesEv
110	0x6E	Animations	unk_E2FD88	1	amesEv
111	0x6F	Conditions	unk_E29968	1	amesEv
112	0x70	Dialogs	unk_E299F8	1	amesEv
113	0x71	DialogParts	unk_E2A040	1	amesEv
114	0x72	Sprites	unk_E29930	1	amesEv
115	0x73	Texts	unk_E368E0	1	amesEv
116	0x74	Game	aG_55	1	amesEv
117	0x75	GameSceneLinks	unk_E28DD8	1	amesEv
118	0x76	GameCharacterLinks	unk_E28E18	1	amesEv
119	0x77	GameBagLinks	unk_E28E68	1	amesEv
120	0x78	GameFontLinks	unk_E28EA0	1	amesEv
121	0x79	GameFirstScene	unk_E28ED8	1	amesEv
122	0x7A	FixtureScreen	unk_E28F18	1	amesEv
123	0x7B	CurrentBag	unk_E28F50	1	amesEv
124	0x7C	GameDescription	unk_E28F80	1	amesEv
125	0x7D	GameAbout	unk_E28FC0	1	amesEv
126	0x7E	GameWindowResolution	unk_E28FE8	1	amesEv
127	0x7F	CurrentFont	unk_E29040	1	amesEv
128	0x80	Comments	unk_E29070	1	amesEv
129	0x81	Scene	unk_E366E4	1	amesEv
130	0x82	BackgroundImage	unk_E29098	1	amesEv
131	0x83	SceneAction	unk_E290D8	1	amesEv
132	0x84	SceneBackgroundMusic	unk_E29108	1	amesEv
133	0x85	CDTrack	unk_E29160	1	amesEv
134	0x86	SceneCharacter	unk_E29180	1	amesEv
135	0x87	ScenePoints	unk_E291C0	1	amesEv
136	0x88	SceneObjects	unk_E291F0	1	amesEv
137	0x89	Interface	unk_E28908	1	amesEv
138	0x8A	InterfaceScrollStepSize	unk_E29228	1	amesEv
139	0x8B	InterfaceBackground	unk_E29288	1	amesEv
140	0x8C	InterfaceButtons	unk_E292D8	1	amesEv
141	0x8D	Font	unk_E366FC	1	amesEv
142	0x8E	FontMotiv	unk_E29320	1	amesEv
143	0x8F	FontLetters	unk_E29348	1	amesEv
144	0x90	Point	unk_E36710	1	amesEv
145	0x91	PointSize	unk_E29378	1	amesEv
146	0x92	PointPosition	unk_E293A0	1	amesEv
147	0x93	PointRelations	unk_E293D8	1	amesEv
148	0x94	Character	unk_D3AB20	1	amesEv
149	0x95	CharacterMirror	unk_E29418	1	amesEv
150	0x96	CharacterMirrored	unk_E29458	1	amesEv
151	0x97	CharacterAnimations	unk_E2AE68	1	amesEv
152	0x98	Button	unk_E36728	1	amesEv
153	0x99	ButtonAction	unk_E294A0	1	amesEv
154	0x9A	ButtonArea	unk_E294D8	1	amesEv
155	0x9B	ButtonImages	unk_E29508	1	amesEv
156	0x9C	ButtonImageActive	unk_E29540	1	amesEv
157	0x9D	ButtonImageInActive	unk_E29588	1	amesEv
158	0x9E	Action	unk_E28CEC	1	amesEv
159	0x9F	ActionExecutionType	unk_E295D8	1	amesEv
160	0xA0	ActionFixture	unk_E29628	1	amesEv
161	0xA1	ActionCommand	unk_E29660	1	amesEv
162	0xA2	ActionActionParts	unk_E29698	1	amesEv
163	0xA3	Object	unk_E36744	1	amesEv
164	0xA4	ObjectNameLang1	unk_E296E0	1	amesEv
165	0xA5	ObjectNameLang2	unk_E29720	1	amesEv
166	0xA6	ObjectGender	unk_E29760	1	amesEv
167	0xA7	ObjectPoint	unk_E29798	1	amesEv
168	0xA8	ObjectArea	unk_E297C8	1	amesEv
169	0xA9	ObjectCondition	unk_E297F8	1	amesEv
170	0xAA	ObjectSprite	unk_E29838	1	amesEv
171	0xAB	ObjectAnimation	unk_E29870	1	amesEv
172	0xAC	ObjectActions	unk_E298B0	1	amesEv
173	0xAD	ObjectTexts	unk_E298E8	1	amesEv
174	0xAE	ObjectSprites	unk_E29918	1	amesEv
175	0xAF	ObjectConditions	unk_E29950	1	amesEv
176	0xB0	ObjectAnimations	unk_E29998	1	amesEv
177	0xB1	ObjectDialogs	unk_E299E0	1	amesEv
178	0xB2	ActionPart	unk_E29A18	1	amesEv
179	0xB3	ActionPartCommand	unk_E29A48	1	amesEv
180	0xB4	ActionPartLink	unk_E29A90	1	amesEv
181	0xB5	ActionPartPath	unk_E29AD0	1	amesEv
182	0xB6	Animation	unk_D35158	1	amesEv
183	0xB7	AnimationLoop	unk_E29B10	1	amesEv
184	0xB8	AnimationLoopRandom	unk_E29B48	1	amesEv
185	0xB9	AnimationOppositeDirection	unk_E29B98	1	amesEv
186	0xBA	AnimationRandomOrder	unk_E29C08	1	amesEv
187	0xBB	AnimationNumberOfLoops	unk_E29C60	1	amesEv
188	0xBC	AnimationPause	unk_E29CC0	1	amesEv
189	0xBD	AnimationPosition	unk_E29D00	1	amesEv
190	0xBE	AnimationAction	unk_E29D48	1	amesEv
191	0xBF	AnimationParts	unk_E29D88	1	amesEv
192	0xC0	Condition	unk_E2FF98	1	amesEv
193	0xC1	ConditionIsVariable	unk_E29DC8	1	amesEv
194	0xC2	ConditionValue	unk_E2A398	1	amesEv
195	0xC3	ConditionReturnNegate	unk_E29E18	1	amesEv
196	0xC4	ConditionCondition1Negate	unk_E29E70	1	amesEv
197	0xC5	ConditionCondition2Negate	unk_E29ED8	1	amesEv
198	0xC6	ConditionOperator	unk_E29F40	1	amesEv
199	0xC7	ConditionCondition1	unk_E29F88	1	amesEv
200	0xC8	ConditionCondition2	unk_E29FD8	1	amesEv
201	0xC9	Dialog	unk_E36760	1	amesEv
202	0xCA	DialogDialogParts	unk_E2A028	1	amesEv
203	0xCB	DialogPart	unk_E2A070	1	amesEv
204	0xCC	DialogPartCondition	unk_E2A0A0	1	amesEv
205	0xCD	DialogPartText	unk_E2A0F0	1	amesEv
206	0xCE	DialogPartAction	unk_E2A130	1	amesEv
207	0xCF	Sprite	unk_E3677C	1	amesEv
208	0xD0	SpriteMotiv	unk_E2A178	1	amesEv
209	0xD1	Text	aT_275	1	amesEv
210	0xD2	TextLang1	unk_E2A1A8	1	amesEv
211	0xD3	TextLang2	unk_E2A1D0	1	amesEv
212	0xD4	TextSound1	unk_E2A1F8	1	amesEv
213	0xD5	TextSound2	unk_E2A228	1	amesEv
214	0xD6	TextLangAll	unk_E2A258	1	amesEv
215	0xD7	GameCursors	unk_E2A288	1	amesEv
216	0xD8	TextSoundAll	unk_E2A2B8	1	amesEv
217	0xD9	ObjectNameLangAll	unk_E2A2F0	1	amesEv
218	0xDA	SceneBorders	unk_E2A338	1	amesEv
219	0xDB	DialogPartConditionValue	unk_E2A370	1	amesEv
220	0xDC	ObjectAreaPolygon	unk_E2A3D8	1	amesEv
221	0xDD	ObjectAreaCenter	unk_E2A420	1	amesEv
222	0xDE	ObjectDirection	unk_E2A468	1	amesEv
223	0xDF	AnimationFile	unk_E2A4A8	1	amesEv
224	0xE0	GameIntro	unk_E2A4E0	1	amesEv
225	0xE1	Cursors	unk_E2A298	1	amesEv
226	0xE2	Cursor	aC_2	1	amesEv
227	0xE3	CursorImagesActive	unk_E2A508	1	amesEv
228	0xE4	CursorImagesInActive	unk_E2A558	1	amesEv
229	0xE5	ButtonCursor	unk_E2A5B0	1	amesEv
230	0xE6	StandardCursor	unk_E2A5E8	1	amesEv
231	0xE7	LoadingScreen	unk_E2A628	1	amesEv
232	0xE8	SceneScrollOnEdges	unk_E2A660	1	amesEv
233	0xE9	SceneBagVisible	unk_E2A6B0	1	amesEv
234	0xEA	GameFadeDelay	unk_E2A6F0	1	amesEv
235	0xEB	AnimationSprites	unk_E2A728	1	amesEv
236	0xEC	SceneSprite	unk_E2A770	1	amesEv
237	0xED	SpriteSprite	unk_E2A7A0	1	amesEv
238	0xEE	InterfaceSprite	unk_E2A7D8	1	amesEv
239	0xEF	CursorHotspot	unk_E2A818	1	amesEv
240	0xF0	CursorSpritesActive	unk_E2A850	1	amesEv
241	0xF1	CursorSpritesInActive	unk_E2A8A0	1	amesEv
242	0xF2	ActionPartInt	unk_E2A8F8	1	amesEv
243	0xF3	StandardCommand	unk_E2A930	1	amesEv
244	0xF4	GameCommandBehaviour	unk_E2A970	1	amesEv
245	0xF5	CharacterSpeed	unk_E2AED0	1	amesEv
246	0xF6	GameScrollSpeed	unk_E2A9C8	1	amesEv
247	0xF7	GameFullScreenIntro	unk_E2AA08	1	amesEv
248	0xF8	FontSprite	unk_E2AA58	1	amesEv
249	0xF9	FontAlphabet	unk_E2AA88	1	amesEv
250	0xFA	FontLetterSpacing	unk_E2AAC0	1	amesEv
251	0xFB	ObjectName	unk_E2AB08	1	amesEv
252	0xFC	ObjectAlwaysInFront	unk_E2AB38	1	amesEv
253	0xFD	TextAll	unk_E2AB88	1	amesEv
254	0xFE	TextLanguages	unk_E342C0	1	amesEv
255	0xFF	TextLanguage	unk_E2ABA8	1	amesEv
256	0x100	TextLanguageText	unk_E2ABE0	1	amesEv
257	0x101	TextLanguageSound	unk_E2AC28	1	amesEv
258	0x102	TextLanguageLanguage	unk_E2AC70	1	amesEv
259	0x103	GameLanguages	unk_E2ACC8	1	amesEv
260	0x104	Languages	unk_E2ACD8	1	amesEv
261	0x105	Language	unk_E2B908	1	amesEv
262	0x106	CommentSets	unk_E2AD00	1	amesEv
263	0x107	CommentSet	unk_E2B148	1	amesEv
264	0x108	CommentSetElements	unk_E2AD30	1	amesEv
265	0x109	Outfits	unk_E2AD80	1	amesEv
266	0x10A	Outfit	unk_E36798	1	amesEv
267	0x10B	OutfitWalkAnimations	unk_E2ADA0	1	amesEv
268	0x10C	OutfitTalkAnimations	unk_E2ADF8	1	amesEv
269	0x10D	OutfitCharacterAnimations	unk_E2AE50	1	amesEv
270	0x10E	OutfitCharacterSpeed	unk_E2AEB8	1	amesEv
271	0x10F	CharacterName	unk_E2AF10	1	amesEv
272	0x110	CharacterWalkingSound	unk_E2AF48	1	amesEv
273	0x111	CharacterCurrentInterface	unk_E2AFA0	1	amesEv
274	0x112	CharacterCurrentInventory	unk_E2B008	1	amesEv
275	0x113	CharacterFont	unk_E2B070	1	amesEv
276	0x114	CharacterCurrentOutfit	unk_E2B0A8	1	amesEv
277	0x115	CharacterCurrentCommentSet	unk_E2B108	1	amesEv
278	0x116	CharacterDialogs	unk_E2B178	1	amesEv
279	0x117	CharacterTexts	unk_E2B1C0	1	amesEv
280	0x118	CharacterActions	unk_E2B200	1	amesEv
281	0x119	CharacterOutfits	unk_E2B248	1	amesEv
282	0x11A	CharacterCommentSets	unk_E2B290	1	amesEv
283	0x11B	CharacterDialogCursor	unk_E2B2E8	1	amesEv
284	0x11C	AnimationMirror	unk_E2B340	1	amesEv
285	0x11D	AnimationDirection	unk_E2B380	1	amesEv
286	0x11E	DialogPartAnswerText	unk_E2B3D0	1	amesEv
287	0x11F	DialogPartReturn	unk_E2B428	1	amesEv
288	0x120	DialogPartRemove	unk_E2B470	1	amesEv
289	0x121	DialogPartNextDialog	unk_E2B4B8	1	amesEv
290	0x122	ActionPartAltLink	unk_E2B510	1	amesEv
291	0x123	ActionPartAltInt	unk_E2B558	1	amesEv
292	0x124	SceneIsMenu	unk_E2B5A0	1	amesEv
293	0x125	SceneCursor	unk_E2B5D0	1	amesEv
294	0x126	SceneKey	unk_E2B600	1	amesEv
295	0x127	ButtonName	unk_E2B628	1	amesEv
296	0x128	ButtonConjunction	unk_E2B658	1	amesEv
297	0x129	ButtonType	unk_E2B6A0	1	amesEv
298	0x12A	InterfaceStandardCommand	unk_E2B6D0	1	amesEv
299	0x12B	BagVisibility	unk_E2B738	1	amesEv
300	0x12C	BagKey	unk_E367B4	1	amesEv
301	0x12D	BagInventory	unk_E2B770	1	amesEv
302	0x12E	InterfaceOffset	unk_E2B7A8	1	amesEv
303	0x12F	GameFirstCharacter	unk_E2B7E8	1	amesEv
304	0x130	GameRightMouseClick	unk_E2B838	1	amesEv
305	0x131	GameDraggableItems	unk_E2B888	1	amesEv
306	0x132	GameStandardLanguage	unk_E2B8D8	1	amesEv
307	0x133	GameSaveKey	unk_E2B930	1	amesEv
308	0x134	GameLoadKey	unk_E2B960	1	amesEv
309	0x135	ActionTextFont	unk_E30E30	1	amesEv
310	0x136	ActionTextRect	unk_E30E80	1	amesEv
311	0x137	CharacterStartObject	unk_E2B990	1	amesEv
312	0x138	ButtonSpriteActive	unk_E2B9E8	1	amesEv
313	0x139	ButtonSpriteInActive	unk_E2BA38	1	amesEv
314	0x13A	InterfaceDisplacement	unk_E2BA90	1	amesEv
315	0x13B	SceneMusicVolume	unk_E2BAE8	1	amesEv
316	0x13C	SceneMusicBalance	unk_E2BB30	1	amesEv
317	0x13D	DialogPartAvailable	unk_E2BB78	1	amesEv
318	0x13E	GameActions	unk_E2BBC8	1	amesEv
319	0x13F	InterfaceActionTextRect	unk_E2BBF8	1	amesEv
320	0x140	InterfaceActionTextFont	unk_E2BC58	1	amesEv
321	0x141	OutfitRandomAnimations	unk_E2BCB8	1	amesEv
322	0x142	SceneSavegameAreas	unk_E2BD18	1	amesEv
323	0x143	SceneSavegameScrollStep	unk_E2BD68	1	amesEv
324	0x144	InterfaceSize	unk_E2BDC8	1	amesEv
325	0x145	InterfaceBorder	unk_E2BE00	1	amesEv
326	0x146	Values	unk_E367D0	1	amesEv
327	0x147	Value	unk_E367EC	1	amesEv
328	0x148	ValueInt	unk_E2BE40	1	amesEv
329	0x149	ObjectCenter	unk_E2BE68	1	amesEv
330	0x14A	SceneConditions	unk_E2BEA0	1	amesEv
331	0x14B	CharacterConditions	unk_E2BEE0	1	amesEv
332	0x14C	SceneValues	unk_E2BF30	1	amesEv
333	0x14D	ObjectValues	unk_E2BF60	1	amesEv
334	0x14E	CharacterValues	unk_E2BF98	1	amesEv
335	0x14F	SceneActions	unk_E2BFD8	1	amesEv
336	0x150	ButtonUse	unk_E2C010	1	amesEv
337	0x151	GameRightClickAction	unk_E2C038	1	amesEv
338	0x152	AnimationMove	unk_E2C090	1	amesEv
339	0x153	ObjectPosition	unk_E2C0C8	1	amesEv
340	0x154	SceneBorderPoints	unk_E2C108	1	amesEv
341	0x155	ObjectPolygon	unk_E2C150	1	amesEv
342	0x156	ButtonActiveSprite	unk_E2C188	1	amesEv
343	0x157	ButtonInactiveSprite	unk_E2C1D8	1	amesEv
344	0x158	AnimationUseIndividualPause	unk_E2C230	1	amesEv
345	0x159	ValueRandom	unk_E2C2A0	1	amesEv
346	0x15A	ValueRandomMin	unk_E2C2D0	1	amesEv
347	0x15B	ValueRandomMax	unk_E2C310	1	amesEv
348	0x15C	SceneSavegameFont	unk_E2C350	1	amesEv
349	0x15D	GameItems	unk_E2C398	1	amesEv
350	0x15E	ObjectIsItem	unk_E2C3C0	1	amesEv
351	0x15F	Loadings	unk_E2C3F8	1	amesEv
352	0x160	Loading	unk_E2C588	1	amesEv
353	0x161	LoadingSprite	unk_E2C420	1	amesEv
354	0x162	LoadingStatusBar	unk_E2C458	1	amesEv
355	0x163	LoadingStatusSprite	unk_E2C4A0	1	amesEv
356	0x164	LoadingStatusCover	unk_E2C4F0	1	amesEv
357	0x165	LoadingMusic	unk_E2C540	1	amesEv
358	0x166	GameLoading	unk_E2C578	1	amesEv
359	0x167	ObjectConditionNegate	unk_E2C5A8	1	amesEv
360	0x168	AnimationStandingSprite	unk_E2C600	1	amesEv
361	0x169	SObjectArea	unk_E2C660	1	amesEv
362	0x16A	GameTexts	unk_E2C690	1	amesEv
363	0x16B	SceneTexts	unk_E2C6B8	1	amesEv
364	0x16C	SceneName	unk_E2C6E8	1	amesEv
365	0x16D	SceneContinueMusic	unk_E2C710	1	amesEv
366	0x16E	AnimationResetPosition	unk_E2C760	1	amesEv
367	0x16F	AnimationCenter	unk_E2C7C0	1	amesEv
368	0x170	GameStartAction	unk_E2C800	1	amesEv
369	0x171	GameReserved	unk_E2C840	1	amesEv
370	0x172	GameId	unk_E36804	1	amesEv
371	0x173	LoadingStatusSpriteLink	unk_E2C878	1	amesEv
372	0x174	GameDialogScrollUp	unk_E2C8D8	1	amesEv
373	0x175	GameDialogScrollDown	unk_E2C928	1	amesEv
374	0x176	GameDialogScrollMax	unk_E2C980	1	amesEv
375	0x177	GameDialogShowMax	unk_E2C9D0	1	amesEv
376	0x178	ValueCurrent	unk_E2CA18	1	amesEv
377	0x179	GameHoldTime	unk_E2CA50	1	amesEv
378	0x17A	GameLeftMouseDblClick	unk_E2CA88	1	amesEv
379	0x17B	GameLeftDblClickAction	unk_E2CAE0	1	amesEv
380	0x17C	GameLeftMouseHold	unk_E2CB40	1	amesEv
381	0x17D	GameLeftHoldAction	unk_E2CB88	1	amesEv
382	0x17E	ButtonAreaAction	unk_E2CBD8	1	amesEv
383	0x17F	OutfitStandingAnimations	unk_E2CC20	1	amesEv
384	0x180	ObjectIsWalkable	unk_E2CC88	1	amesEv
385	0x181	GameLeftMouseHolding	unk_E2CCD0	1	amesEv
386	0x182	GameLeftHoldingAction	unk_E2CD28	1	amesEv
387	0x183	ButtonUseOnOwnCharacter	unk_E2CD80	1	amesEv
388	0x184	InterfaceLeaveAction	unk_E2CDE0	1	amesEv
389	0x185	InterfaceTextOnScreen	unk_E2CE38	1	amesEv
390	0x186	Particles	unk_E2CE90	1	amesEv
391	0x187	Particle	unk_E2CEB8	1	amesEv
392	0x188	ParticleTexture	unk_E2CEE0	1	amesEv
393	0x189	ParticleMaterialMode	unk_E2CF20	1	amesEv
394	0x18A	ParticleTilesX	unk_E2CF78	1	amesEv
395	0x18B	ParticleTilesY	unk_E2CFB8	1	amesEv
396	0x18C	ParticleType	unk_E2CFF8	1	amesEv
397	0x18D	ParticleXPos	unk_E2D030	1	amesEv
398	0x18E	ParticleYPos	unk_E2D068	1	amesEv
399	0x18F	ParticleEmitterType	unk_E2D0A0	1	amesEv
400	0x190	ParticleEmitterWidth	unk_E2D0F0	1	amesEv
401	0x191	ParticleEmitterHeight	unk_E2D148	1	amesEv
402	0x192	ParticleEmitterDepth	unk_E2D1A0	1	amesEv
403	0x193	ParticleMaxParticles	unk_E2D1F8	1	amesEv
404	0x194	ParticlePerTime	unk_E2D250	1	amesEv
405	0x195	ParticlePhiX	unk_E2D290	1	amesEv
406	0x196	ParticlePhiY	unk_E2D2C8	1	amesEv
407	0x197	ParticleMinSize	unk_E2D300	1	amesEv
408	0x198	ParticleMaxSize	unk_E2D340	1	amesEv
409	0x199	ParticleMinVelocity	unk_E2D380	1	amesEv
410	0x19A	ParticleMaxVelocity	unk_E2D3D0	1	amesEv
411	0x19B	ParticleMinLife	unk_E2D420	1	amesEv
412	0x19C	ParticleMaxLife	unk_E2D460	1	amesEv
413	0x19D	ParticleMinColor	unk_E2D4A0	1	amesEv
414	0x19E	ParticleMaxColor	unk_E2D4E8	1	amesEv
415	0x19F	ParticleRotationX	unk_E2D530	1	amesEv
416	0x1A0	ParticleRotationZ	unk_E2D578	1	amesEv
417	0x1A1	ParticleActiveStages	unk_E2D5C0	1	amesEv
418	0x1A2	ParticleBlendColor0	unk_E2D618	1	amesEv
419	0x1A3	ParticleBlendColor1	unk_E2D668	1	amesEv
420	0x1A4	ParticleBlendColor2	unk_E2D6B8	1	amesEv
421	0x1A5	ParticleBlendColor3	unk_E2D708	1	amesEv
422	0x1A6	ParticleBlendColorCurve0	unk_E2D758	1	amesEv
423	0x1A7	ParticleBlendColorCurve1	unk_E2D7C0	1	amesEv
424	0x1A8	ParticleBlendColorCurve2	unk_E2D828	1	amesEv
425	0x1A9	ParticleBlendColorCurve3	unk_E2D890	1	amesEv
426	0x1AA	ParticleColorControlPoints0	unk_E2D8F8	1	amesEv
427	0x1AB	ParticleColorControlPoints1	unk_E2D968	1	amesEv
428	0x1AC	ParticleColorControlPoints2	unk_E2D9D8	1	amesEv
429	0x1AD	ParticleColorControlPoints3	unk_E2DA48	1	amesEv
430	0x1AE	ParticleForceType	unk_E2DAB8	1	amesEv
431	0x1AF	ParticleForceStrength	unk_E2DB00	1	amesEv
432	0x1B0	ParticleForceRotationX	unk_E2DB58	1	amesEv
433	0x1B1	ParticleForceRotationZ	unk_E2DBB8	1	amesEv
434	0x1B2	ParticleForceXPos	unk_E2DC18	1	amesEv
435	0x1B3	ParticleForceYPos	unk_E2DC60	1	amesEv
436	0x1B4	ParticleForceZPos	unk_E2DCA8	1	amesEv
437	0x1B5	ParticleForceBlend	unk_E2DCF0	1	amesEv
438	0x1B6	ParticleBlendSizeCurve	unk_E2DD40	1	amesEv
439	0x1B7	ParticleSizeControlPoints	unk_E2DDA0	1	amesEv
440	0x1B8	GameParticleLinks	unk_E2DE08	1	amesEv
441	0x1B9	SceneParticleSystem	unk_E2DE50	1	amesEv
442	0x1BA	ParticleContainerLeadTime	unk_E2DEA0	1	amesEv
443	0x1BB	ParticleBlendMaxTile	unk_E2DF08	1	amesEv
444	0x1BC	ParticleBlendTilesCurve	unk_E2DF60	1	amesEv
445	0x1BD	ParticleBlendTilesControlPoints	unk_E2DFC0	1	amesEv
446	0x1BE	ParticleContainerCameraZPosition	unk_E2E040	1	amesEv
447	0x1BF	ParticleContainerCameraZoom	unk_E2E0C8	1	amesEv
448	0x1C0	GameParticleContainerLinks	unk_E2E138	1	amesEv
449	0x1C1	ParticleContainers	unk_E2E1A8	1	amesEv
450	0x1C2	ParticleContainer	unk_E2E1F8	1	amesEv
451	0x1C3	ParticleContainerParticles	unk_E2E240	1	amesEv
452	0x1C4	InterfaceConditions	unk_E2E2B0	1	amesEv
453	0x1C5	InterfaceValues	unk_E2E300	1	amesEv
454	0x1C6	ButtonPolygon	unk_E2E340	1	amesEv
455	0x1C7	ButtonActions	unk_E2E378	1	amesEv
456	0x1C8	CharacterScale	unk_E2E3B0	1	amesEv
457	0x1C9	CharacterActiveDialogFont	unk_E2E3F0	1	amesEv
458	0x1CA	CharacterDialogArea	unk_E2E458	1	amesEv
459	0x1CB	CharacterDialogActiveScrollUp	unk_E2E4A8	1	amesEv
460	0x1CC	CharacterDialogInactiveScrollUp	unk_E2E520	1	amesEv
461	0x1CD	CharacterDialogActiveScrollDown	unk_E2E5A0	1	amesEv
462	0x1CE	CharacterDialogInactiveScrollDown	unk_E2E620	1	amesEv
463	0x1CF	CharacterDialogSprite	unk_E2E6A8	1	amesEv
464	0x1D0	CharacterDialogVerticalSpace	unk_E2E700	1	amesEv
465	0x1D1	DialogPartAltText	unk_E2E778	1	amesEv
466	0x1D2	DialogPartUseAltText	unk_E2E7C0	1	amesEv
467	0x1D3	ObjectParticleSystem	unk_E2E818	1	amesEv
468	0x1D4	GameCurrentCharacter	unk_E2E870	1	amesEv
469	0x1D5	GameCurrentScene	unk_E2E8C8	1	amesEv
470	0x1D6	GameScrollPosition	unk_E2E910	1	amesEv
471	0x1D7	GameScrollToPoint	unk_E2E960	1	amesEv
472	0x1D8	GameScrollTo	unk_E2E9A8	1	amesEv
473	0x1D9	GameScrollDirectionHorizontal	unk_E2E9E0	1	amesEv
474	0x1DA	GameScrollDirectionVertical	unk_E2EA58	1	amesEv
475	0x1DB	GameWaitForDialogSelection	unk_E2EAC8	1	amesEv
476	0x1DC	GameDialog	unk_E2EB38	1	amesEv
477	0x1DD	GameCurrentText	unk_E2EB68	1	amesEv
478	0x1DE	GameBackgroundTexts	unk_E2EBA8	1	amesEv
479	0x1DF	GameHideInterfaces	unk_E2EBF8	1	amesEv
480	0x1E0	GameHideCursor	unk_E2EC48	1	amesEv
481	0x1E1	GameDialogAction	unk_E2EC88	1	amesEv
482	0x1E2	GameCurrentDialogAction	unk_E2ECD0	1	amesEv
483	0x1E3	GameDestinationCommand	unk_E2ED30	1	amesEv
484	0x1E4	GameDestinationItem	unk_E2ED90	1	amesEv
485	0x1E5	GameDestinationItemPicked	unk_E2EDE0	1	amesEv
486	0x1E6	GameSavedObject	unk_E2EE48	1	amesEv
487	0x1E7	GameObjectSaved	unk_E2EE88	1	amesEv
488	0x1E8	ActionActionPartStarted	unk_E2EEC8	1	amesEv
489	0x1E9	ActionActionPartIndex	unk_E2EF28	1	amesEv
490	0x1EA	ActionContinueWaitForEndIfElse	unk_E2EF80	1	amesEv
491	0x1EB	ActionTimerStarted	unk_E2F000	1	amesEv
492	0x1EC	ActionPauseTime	unk_E2F050	1	amesEv
493	0x1ED	AnimationLoops	unk_E2F090	1	amesEv
494	0x1EE	AnimationCurrentSpriteIndex	unk_E2F0D0	1	amesEv
495	0x1EF	AnimationCurrentSpritePos	unk_E2F140	1	amesEv
496	0x1F0	AnimationCurrentPosition	unk_E2F1A8	1	amesEv
497	0x1F1	AnimationCalledTime	unk_E2F210	1	amesEv
498	0x1F2	AnimationOwner	unk_E2F260	1	amesEv
499	0x1F3	AnimationSize	unk_E2F2A0	1	amesEv
500	0x1F4	AnimationWaiting	unk_E2F2D8	1	amesEv
501	0x1F5	AnimationWaitingTime	unk_E2F320	1	amesEv
502	0x1F6	CharacterActive	unk_E2F378	1	amesEv
503	0x1F7	CharacterScene	unk_E2F3B8	1	amesEv
504	0x1F8	CharacterFollowCharacter	unk_E2F3F8	1	amesEv
505	0x1F9	CharacterActionCharacter	unk_E2F460	1	amesEv
506	0x1FA	CharacterFollowAction	unk_E2F4C8	1	amesEv
507	0x1FB	CharacterFollowReachDistance	unk_E2F520	1	amesEv
508	0x1FC	CharacterAnimState	unk_E2F598	1	amesEv
509	0x1FD	CharacterCurrentSprite	unk_E2F5E8	1	amesEv
510	0x1FE	CharacterDirectionIndex	unk_E2F648	1	amesEv
511	0x1FF	CharacterState	unk_E2F6A8	1	amesEv
512	0x200	CharacterPosition	unk_E2F6E8	1	amesEv
513	0x201	CharacterDestination	unk_E2F730	1	amesEv
514	0x202	CharacterItemsDeprecated	unk_E2F788	1	amesEv
515	0x203	CharacterDestinationObject	unk_E2F7F0	1	amesEv
516	0x204	CharacterExecuteDestObject	unk_E2F860	1	amesEv
517	0x205	CharacterActiveCommand	unk_E2F8D0	1	amesEv
518	0x206	CharacterItemsScrollPosition	unk_E2F930	1	amesEv
519	0x207	CharacterInterfaceActive	unk_E2F9A8	1	amesEv
520	0x208	CharacterInventoryActive	unk_E2FA10	1	amesEv
521	0x209	TextRemainingText	unk_E2FA78	1	amesEv
522	0x20A	TextCurrentText	unk_E2FAC0	1	amesEv
523	0x20B	TextPosition	unk_E2FB00	1	amesEv
524	0x20C	TextTimeToWait	unk_E2FB38	1	amesEv
525	0x20D	TextTimeElapsed	unk_E2FB78	1	amesEv
526	0x20E	TextFont	unk_E30E48	1	amesEv
527	0x20F	TextBackground	unk_E2FBB8	1	amesEv
528	0x210	TextSpeaker	unk_E2FBF8	1	amesEv
529	0x211	TextActive	unk_E2FC28	1	amesEv
530	0x212	TextWaitForAudio	unk_E2FC58	1	amesEv
531	0x213	ActiveText	unk_E2FCA0	1	amesEv
532	0x214	ActiveTexts	unk_E2FCD0	1	amesEv
533	0x215	ActiveAction	unk_E2FD00	1	amesEv
534	0x216	ActiveActions	unk_E2FD38	1	amesEv
535	0x217	ActiveAnimation	unk_E32050	1	amesEv
536	0x218	ActiveAnimations	unk_E2FD70	1	amesEv
537	0x219	GameSaveGameName	unk_E2FDB8	1	amesEv
538	0x21A	ObjectScrollFactorX	unk_E2FE00	1	amesEv
539	0x21B	ObjectScrollFactorY	unk_E2FE50	1	amesEv
540	0x21C	VerticalLetterSpacing	unk_E2FEA0	1	amesEv
541	0x21D	PlayOppositeDirection	unk_E2FEF8	1	amesEv
542	0x21E	FrameCount	unk_E2FF50	1	amesEv
543	0x21F	ButtonCondition	unk_E2FF80	1	amesEv
544	0x220	ButtonConditionNegate	unk_E2FFC0	1	amesEv
545	0x221	ButtonAnimation	unk_E30018	1	amesEv
546	0x222	ButtonAnimations	unk_E30058	1	amesEv
547	0x223	GameFadeEffect	unk_E300A0	1	amesEv
548	0x224	GameMinificationFilter	unk_E300E0	1	amesEv
549	0x225	GameMagnificationFilter	unk_E30140	1	amesEv
550	0x226	SceneLightMap	unk_E301A0	1	amesEv
551	0x227	CharacterInterfaceAlpha	unk_E301D8	1	amesEv
552	0x228	CharacterInventoryAlpha	unk_E30238	1	amesEv
553	0x229	CharacterAlpha	unk_E30298	1	amesEv
554	0x22A	CharacterDestAlpha	unk_E302D8	1	amesEv
555	0x22B	CharacterTimeToDestAlpha	unk_E30328	1	amesEv
556	0x22C	GameSceneBrightness	unk_E30390	1	amesEv
557	0x22D	CommentSetEntries	unk_E303E0	1	amesEv
558	0x22E	CommentSetEntry	unk_E28820	1	amesEv
559	0x22F	CommentSetEntryText	unk_E30428	1	amesEv
560	0x230	CommentSetEntryCommand	unk_E30478	1	amesEv
561	0x231	GameScrollCenterCharacter	unk_E304D8	1	amesEv
562	0x232	GameLeftMouseClick	unk_E30540	1	amesEv
563	0x233	GameLeftClickAction	unk_E30590	1	amesEv
564	0x234	CharacterAnimIndex	unk_E305E0	1	amesEv
565	0x235	GameAlwaysAllowSkipText	unk_E30630	1	amesEv
566	0x236	CharacterScaleFactor	unk_E30690	1	amesEv
567	0x237	ButtonDraggable	unk_E306E8	1	amesEv
568	0x238	SceneScrollableArea	unk_E30728	1	amesEv
569	0x239	AnimationFrames	unk_E30778	1	amesEv
570	0x23A	AnimationFrame	unk_E307B8	1	amesEv
571	0x23B	AnimationFrameIndex	unk_E307F8	1	amesEv
572	0x23C	AnimationFrameSound	unk_E30848	1	amesEv
573	0x23D	AnimationFrameSoundVolume	unk_E30898	1	amesEv
574	0x23E	AnimationFrameSoundBalance	unk_E30900	1	amesEv
575	0x23F	AnimationFrameAction	unk_E30970	1	amesEv
576	0x240	AnimationPropertyFrames	unk_E309C8	1	amesEv
577	0x241	AnimationPreloaded	unk_E30A28	1	amesEv
578	0x242	GameExecuteActionsDuringDialog	unk_E30A78	1	amesEv
579	0x243	GameHiddenDialog	unk_E30AF8	1	amesEv
580	0x244	AnimationActive	unk_E30B40	1	amesEv
581	0x245	CharacterInactiveDialogFont	unk_E30B80	1	amesEv
582	0x246	GameAlignCharacterOnImExecution	unk_E30BF0	1	amesEv
583	0x247	GameTextOutput	unk_E30C70	1	amesEv
584	0x248	ButtonGroup	unk_E30CB0	1	amesEv
585	0x249	CharacterInterfaces	unk_E30CE0	1	amesEv
586	0x24A	InterfaceActive	unk_E30D30	1	amesEv
587	0x24B	InterfaceDrawActionText	unk_E30D70	1	amesEv
588	0x24C	GameDrawActionText	unk_E30DD0	1	amesEv
589	0x24D	GameActionTextFont	unk_E30E20	1	amesEv
590	0x24E	GameActionTextRect	unk_E30E70	1	amesEv
591	0x24F	ActionPartAltInt2	unk_E30EC0	1	amesEv
592	0x250	GameSpeakerTextAlignment	unk_E30F08	1	amesEv
593	0x251	GameTextAlignment	unk_E30F70	1	amesEv
594	0x252	SceneBrightness	unk_E303A0	1	amesEv
595	0x253	CharacterVisibility	unk_E30FB8	1	amesEv
596	0x254	CharacterDestVisibility	unk_E31008	1	amesEv
597	0x255	CharacterTimeToDestVisibility	unk_E31068	1	amesEv
598	0x256	CharacterInterfaceWithItems	unk_E310E0	1	amesEv
599	0x257	CharacterDirection	unk_E31150	1	amesEv
600	0x258	ObjectVisibility	unk_E311A0	1	amesEv
601	0x259	ObjectDestVisibility	unk_E311E8	1	amesEv
602	0x25A	ObjectTimeToDestVisibility	unk_E31240	1	amesEv
603	0x25B	InterfaceVisibility	unk_E312B0	1	amesEv
604	0x25C	InterfaceDestVisibility	unk_E31300	1	amesEv
605	0x25D	InterfaceTimeToDestVisibility	unk_E31360	1	amesEv
606	0x25E	InterfaceVisible	unk_E313D8	1	amesEv
607	0x25F	InterfaceActiveCommand	unk_E31420	1	amesEv
608	0x260	InterfaceItems	unk_E31480	1	amesEv
609	0x261	InterfaceItemsScrollPosition	unk_E314C0	1	amesEv
610	0x262	GameActiveCommand	unk_E31538	1	amesEv
611	0x263	GameScrollCharacter	unk_E31580	1	amesEv
612	0x264	ButtonCommandType	unk_E315D0	1	amesEv
613	0x265	ButtonUseOnCurrentCharacter	unk_E31618	1	amesEv
614	0x266	DialogPartConditionNegate	unk_E31688	1	amesEv
615	0x267	GameDestinationEvent	unk_E316F0	1	amesEv
616	0x268	GameComposedFile	unk_E32A08	1	amesEv
617	0x269	GameSceneComposedFiles	unk_E31748	1	amesEv
618	0x26A	GameSceneComposedFile	unk_E317A8	1	amesEv
619	0x26B	GameCharacterComposedFiles	unk_E31800	1	amesEv
620	0x26C	GameCharacterComposedFile	unk_E31870	1	amesEv
621	0x26D	GameMovieComposedFiles	unk_E318D8	1	amesEv
622	0x26E	GameMovieComposedFile	unk_E31938	1	amesEv
623	0x26F	FontSpaceWidth	unk_E31990	1	amesEv
624	0x270	TextSavedObject	unk_E319D0	1	amesEv
625	0x271	ActionSavedObject	unk_E31A10	1	amesEv
626	0x272	AnimationSavedObject	unk_E31A58	1	amesEv
627	0x273	GameVersion	unk_E31AB0	1	amesEv
628	0x274	GameAutoHideInterfacesInMenu	unk_E31AE0	1	amesEv
629	0x275	GameQuake	unk_E31B58	1	amesEv
630	0x276	GameQuakeForce	unk_E31B80	1	amesEv
631	0x277	GameQuakeSpeed	unk_E31BC0	1	amesEv
632	0x278	ValueString	unk_E31C00	1	amesEv
633	0x279	GameCutsceneAction	unk_E31C30	1	amesEv
634	0x27A	FontAutoLineBreak	unk_E31C80	1	amesEv
635	0x27B	FontLineWidth	unk_E31CC8	1	amesEv
636	0x27C	WaySystems	unk_E31D00	1	amesEv
637	0x27D	WaySystem	unk_E31E20	1	amesEv
638	0x27E	WaySystemBorder	unk_E31D30	1	amesEv
639	0x27F	WaySystemPoints	unk_E31D70	1	amesEv
640	0x280	SceneWaySystems	unk_E31DB0	1	amesEv
641	0x281	SceneCurrentWaySystem	unk_E31DF0	1	amesEv
642	0x282	GameKeepCharacterSpritesDuringMenus	unk_E31E48	1	amesEv
643	0x283	GameDisableInteractionDuringAnim	unk_E31ED8	1	amesEv
644	0x284	AnimationFirstFrame	unk_E31F60	1	amesEv
645	0x285	AnimationLastFrame	unk_E31FB0	1	amesEv
646	0x286	GameTextSpeed	unk_E32000	1	amesEv
647	0x287	CursorActiveAnimation	unk_E32038	1	amesEv
648	0x288	CursorInactiveAnimation	unk_E32090	1	amesEv
649	0x289	Scripts	unk_E320F0	1	amesEv
650	0x28A	Script	unk_E36820	1	amesEv
651	0x28B	GameScriptLinks	unk_E32110	1	amesEv
652	0x28C	ScriptScript	unk_E32150	1	amesEv
653	0x28D	ScriptType	unk_E32188	1	amesEv
654	0x28E	ActionPartString	unk_E321B8	1	amesEv
655	0x28F	DialogPartLinkedAction	unk_E32200	1	amesEv
656	0x290	AnimationReplay	unk_E32260	1	amesEv
657	0x291	InterfaceClasses	unk_E323A0	1	amesEv
658	0x292	InterfaceClass	unk_E322A0	1	amesEv
659	0x293	InterfaceInterfaceClass	unk_E322E0	1	amesEv
660	0x294	InterfaceClassName	unk_E32340	1	amesEv
661	0x295	GameInterfaceClasses	unk_E32390	1	amesEv
662	0x296	GameInterfaces	unk_E323E8	1	amesEv
663	0x297	CharacterItems	unk_E32428	1	amesEv
664	0x298	CharacterTint	unk_E32468	1	amesEv
665	0x299	ObjectSnoopAnimation	unk_E324A0	1	amesEv
666	0x29A	ObjectSnoopAnimationPos	unk_E324F8	1	amesEv
667	0x29B	GameHorizontalScrollDistance	unk_E32558	1	amesEv
668	0x29C	GameVerticalScrollDistance	unk_E325D0	1	amesEv
669	0x29D	GamePictureCacheSize	unk_E32640	1	amesEv
670	0x29E	GameInterfaceComposedFiles	unk_E32698	1	amesEv
671	0x29F	GameInterfaceComposedFile	unk_E32708	1	amesEv
672	0x2A0	ActionAreas	unk_E32770	1	amesEv
673	0x2A1	ActionArea	unk_E327A0	1	amesEv
674	0x2A2	ActionAreaPolygon	unk_E327D0	1	amesEv
675	0x2A3	ActionAreaActions	unk_E32818	1	amesEv
676	0x2A4	AreaActions	unk_E32830	1	amesEv
677	0x2A5	AreaAction	unk_E2CBF0	1	amesEv
678	0x2A6	AreaActionCharacter	unk_E32860	1	amesEv
679	0x2A7	AreaActionExecuteAlways	unk_E328B0	1	amesEv
680	0x2A8	AreaActionAction	unk_E32910	1	amesEv
681	0x2A9	SceneActionAreas	unk_E32958	1	amesEv
682	0x2AA	GameGameComposedFiles	unk_E329A0	1	amesEv
683	0x2AB	GameGameComposedFile	unk_E329F8	1	amesEv
684	0x2AC	TextOwner	unk_E32A50	1	amesEv
685	0x2AD	GameObjectFont	unk_E32A78	1	amesEv
686	0x2AE	GameUsedItem	unk_E32AB8	1	amesEv
687	0x2AF	GameCurrentObject	unk_E32AF0	1	amesEv
688	0x2B0	InterfacePosition	unk_E32B38	1	amesEv
689	0x2B1	GameCursorHorizontalScrollDistance	unk_E32B80	1	amesEv
690	0x2B2	GameCursorVerticalScrollDistance	unk_E32C10	1	amesEv
691	0x2B3	AnimationStartedByUser	unk_E32C98	1	amesEv
692	0x2B4	ScriptVariables	unk_E32CF8	1	amesEv
693	0x2B5	ScriptVariable	unk_E32D38	1	amesEv
694	0x2B6	ScriptVariableKeyType	unk_E32D78	1	amesEv
695	0x2B7	ScriptVariableValueType	unk_E32DD0	1	amesEv
696	0x2B8	ScriptVariableValue	unk_E32E30	1	amesEv
697	0x2B9	ScriptVariableIsGlobalVar	unk_E32E80	1	amesEv
698	0x2BA	ScriptVariableItems	unk_E32EE8	1	amesEv
699	0x2BB	GameVideosEncrypted	unk_E32F38	1	amesEv
700	0x2BC	GameCompanyName	unk_E32F88	1	amesEv
701	0x2BD	GameGameName	unk_E32FC8	1	amesEv
702	0x2BE	GameObjectTextOutput	unk_E33000	1	amesEv
703	0x2BF	FontKerning	unk_E33058	1	amesEv
704	0x2C0	Models	unk_E3683C	1	amesEv
705	0x2C1	Model	unk_E36858	1	amesEv
706	0x2C2	ModelModel	unk_E33088	1	amesEv
707	0x2C3	ModelTextures	unk_E33750	1	amesEv
708	0x2C4	OutfitModel	unk_E330B8	1	amesEv
709	0x2C5	OutfitCameraDistance	unk_E330E8	1	amesEv
710	0x2C6	OutfitCameraHeight	unk_E33140	1	amesEv
711	0x2C7	OutfitCameraAngle	unk_E33190	1	amesEv
712	0x2C8	OutfitUseLight	unk_E331D8	1	amesEv
713	0x2C9	OutfitLightPosX	unk_E33218	1	amesEv
714	0x2CA	OutfitLightPosY	unk_E33258	1	amesEv
715	0x2CB	OutfitLightPosZ	unk_E33298	1	amesEv
716	0x2CC	OutfitLightColor	unk_E332D8	1	amesEv
717	0x2CD	GameModelLinks	unk_E33320	1	amesEv
718	0x2CE	OutfitModelScaleFactor	unk_E33360	1	amesEv
719	0x2CF	OutfitModelShowShadow	unk_E333C0	1	amesEv
720	0x2D0	OutfitModelShadowTranslucency	unk_E33418	1	amesEv
721	0x2D1	OutfitModelUseToonShading	unk_E33490	1	amesEv
722	0x2D2	OutfitModelToonNuances	unk_E334F8	1	amesEv
723	0x2D3	OutfitModelShowOutline	unk_E33558	1	amesEv
724	0x2D4	OutfitModelOutlineColor	unk_E335B8	1	amesEv
725	0x2D5	OutfitModelOutlineWidth	unk_E33618	1	amesEv
726	0x2D6	AnimationModelAnimIndex	unk_E33678	1	amesEv
727	0x2D7	AnimationModelAnimSpeed	unk_E336D8	1	amesEv
728	0x2D8	OutfitModelTextures	unk_E33738	1	amesEv
729	0x2D9	OutfitAmbientLightColor	unk_E33788	1	amesEv
730	0x2DA	GameUsedItemPicked	unk_E337E8	1	amesEv
731	0x2DB	GamePreloadPicThreads	unk_E33838	1	amesEv
732	0x2DC	GamePreloadedPicBufferSize	unk_E33890	1	amesEv
733	0x2DD	GamePicBufferSize	unk_E33900	1	amesEv
734	0x2DE	CharacterActionDestPosition	unk_E33948	1	amesEv
735	0x2DF	GameVideoSubtitleFont	unk_E339B8	1	amesEv
736	0x2E0	GameVideoSubtitlePosition	unk_E33A10	1	amesEv
737	0x2E1	GameVideoSubtitleLanguage	unk_E33A78	1	amesEv
738	0x2E2	GameVideoAudioLanguage	unk_E33AE0	1	amesEv
739	0x2E3	GamePreallocatedTextures3Bpt	unk_E33B40	1	amesEv
740	0x2E4	GamePreallocatedTextures4Bpt	unk_E33BB8	1	amesEv
741	0x2E5	ParticlePosX	unk_E33C30	1	amesEv
742	0x2E6	ParticlePosY	unk_E33C68	1	amesEv
743	0x2E7	GamePreallocatedTextures	unk_E33CA0	1	amesEv
744	0x2E8	TextAlignment	unk_E30F80	1	amesEv
745	0x2E9	GameNearestNeighborInterpolation	unk_E33D08	1	amesEv
746	0x2EA	ParticleEmitterSizeX	unk_E33D90	1	amesEv
747	0x2EB	ParticleEmitterSizeY	unk_E33DE8	1	amesEv
748	0x2EC	ParticleEmitterSizeZ	unk_E33E40	1	amesEv
749	0x2ED	CharacterSize	unk_E33E98	1	amesEv
750	0x2EE	OutfitModelShadowVisibility	unk_E33ED0	1	amesEv
751	0x2EF	OutfitModelShadow	unk_E33F40	1	amesEv
752	0x2F0	OutfitModelAmbientOcclusion	unk_E33F88	1	amesEv
753	0x2F1	OutfitWalkCycleCurve	unk_E33FF8	1	amesEv
754	0x2F2	OutfitWalkCyclePoints	unk_E34050	1	amesEv
755	0x2F3	GameSpeechLanguage	unk_E340A8	1	amesEv
756	0x2F4	OutfitRandomMinTime	unk_E340F8	1	amesEv
757	0x2F5	OutfitRandomMaxTime	unk_E34148	1	amesEv
758	0x2F6	SpeakerSoundPanFactor	unk_E34198	1	amesEv
759	0x2F7	GameRegisteredEventHandlers	unk_E341F0	1	amesEv
760	0x2F8	AnimationWalkSteps	unk_E34260	1	amesEv
761	0x2F9	TextTextLanguages	unk_E342B0	1	amesEv
762	0x2FA	OutfitSlideWalkAnimation	unk_E342F8	1	amesEv
763	0x2FB	GameShowBlackScreenAfterVideo	unk_E34360	1	amesEv
764	0x2FC	GameSavegameScreenshot	unk_E343D8	1	amesEv
765	0x2FD	SceneSavegameScreenshot	unk_E34438	1	amesEv
766	0x2FE	GameMiddleClickAction	unk_E34498	1	amesEv
767	0x2FF	GameMouseWheelUpAction	unk_E344F0	1	amesEv
768	0x300	GameMouseWheelDownAction	unk_E34550	1	amesEv
769	0x301	FontTrueTypeFont	unk_E345B8	1	amesEv
770	0x302	FontFont	unk_E34600	1	amesEv
771	0x303	FontTrueTypeFontPath	unk_E34628	1	amesEv
772	0x304	FontSize	unk_E34680	1	amesEv
773	0x305	FontColor	unk_E346A8	1	amesEv
774	0x306	FontBorder	unk_E346D0	1	amesEv
775	0x307	FontBorderColor	unk_E34700	1	amesEv
776	0x308	FontBorderSize	unk_E34740	1	amesEv
777	0x309	FontShadow	unk_E34780	1	amesEv
778	0x30A	FontShadowOffset	unk_E347B0	1	amesEv
779	0x30B	ObjectOffset	unk_E347F8	1	amesEv
780	0x30C	GameLeftHoldBehaviour	unk_E34830	1	amesEv
781	0x30D	GameMiddleClickBehaviour	unk_E34888	1	amesEv
782	0x30E	GameRightClickBehaviour	unk_E348F0	1	amesEv
783	0x30F	ObjectRotation	unk_E34950	1	amesEv
784	0x310	ObjectRotationCenter	unk_E34990	1	amesEv
785	0x311	ObjectShaderSet	unk_E349E8	1	amesEv
786	0x312	ObjectScale	unk_E34A28	1	amesEv
787	0x313	GameShaderExclude	unk_E34A58	1	amesEv
788	0x314	GameVideoPauseScreen	unk_E34AA0	1	amesEv
789	0x315	InterfaceShowAlways	unk_E34AF8	1	amesEv
790	0x316	GameExecuteCalledActionImmediately	unk_E34B48	1	amesEv
791	0x317	ObjectModel	unk_E34BD8	1	amesEv
792	0x318	ObjectMatrixId	unk_E34C08	1	amesEv
793	0x319	CharacterMatrixId	unk_E34C48	1	amesEv
794	0x31A	SceneShaderSet	unk_E34C90	1	amesEv
795	0x31B	CharacterShaderSet	unk_E34CD0	1	amesEv
796	0x31C	ButtonRotation	unk_E34D20	1	amesEv
797	0x31D	ButtonRotationCenter	unk_E34D60	1	amesEv
798	0x31E	ButtonShaderSet	unk_E34DB8	1	amesEv
799	0x31F	ButtonScale	unk_E34DF8	1	amesEv
800	0x320	ButtonMatrixId	unk_E34E28	1	amesEv
801	0x321	CharacterLightmapActive	unk_E34E68	1	amesEv
802	0x322	InterfaceMatrixId	unk_E34EC8	1	amesEv
803	0x323	GameContainers	unk_E34F10	1	amesEv
804	0x324	GameBuildRules	unk_E34F50	1	amesEv
805	0x325	ValueFloat	unk_E34F90	1	amesEv
806	0x326	ParticleContainerSettings	unk_E34FC0	1	amesEv
807	0x327	OutfitModelFiles	unk_E35028	1	amesEv
808	0x328	AnimationModelFile	unk_E35070	1	amesEv
809	0x329	AnimationModelName	unk_E350C0	1	amesEv
810	0x32A	OutfitTurnAnimations	unk_E35110	1	amesEv
811	0x32B	AnimationEndDirection	unk_E35168	1	amesEv
812	0x32C	ObjectScaleX	unk_E351C0	1	amesEv
813	0x32D	ObjectScaleY	unk_E351F8	1	amesEv
814	0x32E	ButtonScaleX	unk_E35230	1	amesEv
815	0x32F	ButtonScaleY	unk_E35268	1	amesEv
816	0x330	Shaders	unk_E352A0	1	amesEv
817	0x331	Shader	unk_E36870	1	amesEv
818	0x332	GameIconFile	unk_E352C0	1	amesEv
819	0x333	GameBuildOptions	unk_E352F8	1	amesEv
820	0x334	GameShaderLinks	unk_E35340	1	amesEv
821	0x335	ShaderFS	unk_E35380	1	amesEv
822	0x336	ShaderVS	unk_E353A8	1	amesEv
823	0x337	ShaderCompiled	unk_E353D0	1	amesEv
824	0x338	ParticleContainerPreviewScene	unk_E35410	1	amesEv
825	0x339	DialogCharacter	unk_E35488	1	amesEv
826	0x33A	GameSmoothScrolling	unk_E354C8	1	amesEv
827	0x33B	AudioBus	unk_E35518	1	amesEv
828	0x33C	AudioBusses	unk_E35540	1	amesEv
829	0x33D	AudioBusType	unk_E35570	1	amesEv
830	0x33E	AudioBusLinks	unk_E355A8	1	amesEv
831	0x33F	AudioBusSettings	unk_E355E0	1	amesEv
832	0x340	Event	unk_E3688C	1	amesEv
833	0x341	Events	unk_E368A4	1	amesEv
834	0x342	GameAudioMixLinks	unk_E35628	1	amesEv
835	0x343	GameAudioContainerLinks	unk_E35670	1	amesEv
836	0x344	AudioBusValues	unk_E356D0	1	amesEv
837	0x345	AudioBusEvents	unk_E35710	1	amesEv
838	0x346	SceneAudioBusses	unk_E35750	1	amesEv
839	0x347	CharacterHarmonizeWalkAnimations	unk_E35798	1	amesEv
840	0x348	VisionaireAdventureMax	unk_E35820	1	amesEv
